guardian_id,first_name,last_name,email,phone
1,Dominique,villarreal,dominique.villarreal@example.com,7731120603
2,Darren,villarreal,darren.villarreal@example.com,664-319-6939x220
3,Stephanie,young,stephanie.young@example.com,334.720.2917x0733
4,Tanner,young,tanner.young@example.com,001-204-310-8757x93326
5,Laurie,oneal,laurie.oneal@example.com,001-967-722-0214x688
6,Guy,oneal,guy.oneal@example.com,+1-177-102-7567x6789
7,Rhonda,foster,rhonda.foster@example.com,792-538-2542
8,Robert,foster,robert.foster@example.com,847.661.2720
9,Tammy,hood,tammy.hood@example.com,313-188-7292
10,Brian,hood,brian.hood@example.com,303.568.5215
11,Margaret,duran,margaret.duran@example.com,2526805443
12,Mark,duran,mark.duran@example.com,001-703-097-4226x9421
13,Tammy,weeks,tammy.weeks@example.com,001-437-192-3280x52082
14,Tammy,moon,tammy.moon@example.com,221.155.9205x348
15,Marie,warren,marie.warren@example.com,(013)018-8233
16,Jennifer,guy,jennifer.guy@example.com,001-911-396-2669x9796
17,Victoria,webster,victoria.webster@example.com,173.009.0605
18,Melissa,weaver,melissa.weaver@example.com,299.569.8921x785
19,Bryan,weaver,bryan.weaver@example.com,001-153-572-1036x42807
20,Amanda,mack,amanda.mack@example.com,(032)866-5988
21,Samantha,cook,samantha.cook@example.com,476-693-6793x778
22,Christina,mejia,christina.mejia@example.com,089.194.1328x7669
23,Katherine,dalton,katherine.dalton@example.com,923.995.0083x2027
24,Susan,washington,susan.washington@example.com,625.366.6270
25,Timothy,washington,timothy.washington@example.com,823-909-8382x77514
26,Mary,barton,mary.barton@example.com,(239)541-7681x78875
27,Pamela,dickerson,pamela.dickerson@example.com,(705)255-6831x5420
28,Curtis,dickerson,curtis.dickerson@example.com,574-566-8536
29,Judy,cobb,judy.cobb@example.com,+1-918-663-9071x31878
30,Mark,cobb,mark.cobb@example.com,(407)059-5386x2137
31,Kristen,parker,kristen.parker@example.com,572.076.7561
32,Elaine,moody,elaine.moody@example.com,001-804-052-6685x2646
33,Becky,pearson,becky.pearson@example.com,+1-284-616-8010x76457
34,William,pearson,william.pearson@example.com,987.233.5812x3076
35,Bailey,humphrey,bailey.humphrey@example.com,133.945.4783x183
36,Alicia,campbell,alicia.campbell@example.com,+1-794-837-7265x240
37,Ronnie,campbell,ronnie.campbell@example.com,+1-564-539-8196x2512
38,Lindsey,morrison,lindsey.morrison@example.com,001-936-686-9695x095
39,William,morrison,william.morrison@example.com,137.297.9970
40,Kayla,cameron,kayla.cameron@example.com,0964924902
41,Steven,cameron,steven.cameron@example.com,660-837-0207x036
42,Bonnie,wooten,bonnie.wooten@example.com,885-006-0943
43,Eric,wooten,eric.wooten@example.com,123-471-1472x35677
44,Kristen,matthews,kristen.matthews@example.com,9058827379
45,Gary,matthews,gary.matthews@example.com,703-871-4728
46,Crystal,bolton,crystal.bolton@example.com,8049822333
47,Renee,lane,renee.lane@example.com,001-608-296-5451x12184
48,Lauren,white,lauren.white@example.com,(043)839-8874
49,Damon,white,damon.white@example.com,(149)928-7306
50,Sandra,mcneil,sandra.mcneil@example.com,001-325-550-0849x75476
51,William,mcneil,william.mcneil@example.com,+1-828-271-5862
52,Ashley,woodard,ashley.woodard@example.com,520.331.6060x268
53,Robert,woodard,robert.woodard@example.com,921-780-5581x023
54,Cassandra,lawrence,cassandra.lawrence@example.com,726-641-0512
55,William,lawrence,william.lawrence@example.com,+1-694-762-5982x006
56,Laura,nielsen,laura.nielsen@example.com,1783529291
57,Gregory,nielsen,gregory.nielsen@example.com,(341)876-6455x37119
58,Kristin,avery,kristin.avery@example.com,(258)410-0406
59,James,avery,james.avery@example.com,001-097-572-7004x957
60,Natalie,galloway,natalie.galloway@example.com,373.620.1417
61,Shaun,galloway,shaun.galloway@example.com,041.297.8792x65177
62,Kimberly,hendrix,kimberly.hendrix@example.com,4208100012
63,Anthony,hendrix,anthony.hendrix@example.com,001-395-172-9963x3238
64,Daryl,schwartz,daryl.schwartz@example.com,+1-240-210-5657x033
65,Diana,hughes,diana.hughes@example.com,001-210-169-9803x11424
66,Justin,hughes,justin.hughes@example.com,(505)823-7613x03665
67,Gina,kennedy,gina.kennedy@example.com,+1-953-315-9127x4221
68,Stephanie,mccormick,stephanie.mccormick@example.com,001-839-549-2022x215
69,Daniel,mccormick,daniel.mccormick@example.com,093.770.5227x8265
70,Jill,serrano,jill.serrano@example.com,876.183.5105x96962
71,Taylor,drake,taylor.drake@example.com,680-332-7019x2522
72,Alyssa,fletcher,alyssa.fletcher@example.com,017.363.7474x62938
73,Lori,grant,lori.grant@example.com,506.333.8911x515
74,Shawn,grant,shawn.grant@example.com,5188736573
75,Lori,sims,lori.sims@example.com,459-427-0107x1802
76,Linda,nelson,linda.nelson@example.com,+1-130-571-1154x18371
77,Douglas,nelson,douglas.nelson@example.com,+1-552-671-3774x19873
78,Alexa,hubbard,alexa.hubbard@example.com,459-015-2172x715
79,John,hubbard,john.hubbard@example.com,082-194-8158x9142
80,Christina,frederick,christina.frederick@example.com,220.890.5720x09361
81,Kimberly,padilla,kimberly.padilla@example.com,(468)022-8907x6089
82,Jean,beard,jean.beard@example.com,(580)490-2434x5040
83,Dana,whitney,dana.whitney@example.com,131-887-9123
84,Raymond,whitney,raymond.whitney@example.com,770.504.5442
85,James,george,james.george@example.com,(944)790-6132
86,Sarah,bradley,sarah.bradley@example.com,(056)117-1692x04358
87,Daniel,bradley,daniel.bradley@example.com,217.135.5344x193
88,Andrea,mckay,andrea.mckay@example.com,(791)051-7372x894
89,Alexandra,dillard,alexandra.dillard@example.com,450.672.6433x1049
90,Tammy,chapman,tammy.chapman@example.com,001-997-368-4955x0244
91,Alexa,higgins,alexa.higgins@example.com,997.842.8214
92,Micheal,higgins,micheal.higgins@example.com,+1-268-994-6875x6092
93,Steven,mcbride,steven.mcbride@example.com,001-250-277-9545x1262
94,Ellen,mcclure,ellen.mcclure@example.com,253-581-0023x92839
95,Alex,mcclure,alex.mcclure@example.com,387-326-1175
96,Kevin,meyer,kevin.meyer@example.com,001-063-712-8284
97,Dawn,holder,dawn.holder@example.com,461-626-7750
98,Amanda,robles,amanda.robles@example.com,001-369-777-4762x3698
99,Alexis,conner,alexis.conner@example.com,391-354-2881x948
100,Steven,conner,steven.conner@example.com,001-674-640-3595x86725
101,Deanna,farley,deanna.farley@example.com,001-544-945-7991x28674
102,Mark,farley,mark.farley@example.com,790-393-8487
103,Jean,pate,jean.pate@example.com,1516762567
104,William,pate,william.pate@example.com,+1-467-427-7163x526
105,Jennifer,gallagher,jennifer.gallagher@example.com,001-501-049-2372x994
106,Barbara,gay,barbara.gay@example.com,+1-377-893-9588x396
107,Jessica,christian,jessica.christian@example.com,899.487.3968x7860
108,Scott,christian,scott.christian@example.com,(197)531-9000x559
109,Tiffany,jacobs,tiffany.jacobs@example.com,001-287-021-4761x46578
110,Joseph,jacobs,joseph.jacobs@example.com,481-041-4016x98536
111,Lauren,wilkinson,lauren.wilkinson@example.com,+1-723-753-5915x71087
112,Kendra,emerson,kendra.emerson@example.com,655-694-8795
113,David,emerson,david.emerson@example.com,9606710144
114,Charles,gross,charles.gross@example.com,001-158-013-8849
115,Jessica,mooney,jessica.mooney@example.com,001-302-160-2040x240
116,Kyle,mooney,kyle.mooney@example.com,+1-716-086-6361x07060
117,Holly,faulkner,holly.faulkner@example.com,001-315-609-1302
118,Caitlin,glover,caitlin.glover@example.com,(090)611-1231
119,Stephen,glover,stephen.glover@example.com,001-169-488-6789x5526
120,James,mcclain,james.mcclain@example.com,(705)055-1011x63195
121,Mariah,ford,mariah.ford@example.com,511-001-3182
122,Colleen,irwin,colleen.irwin@example.com,(734)330-7836
123,Steven,irwin,steven.irwin@example.com,023-541-0583
124,Rachel,brown,rachel.brown@example.com,(404)239-3182x3166
125,Larry,brown,larry.brown@example.com,(785)419-0445x276
126,Andrea,montgomery,andrea.montgomery@example.com,(325)401-0016
127,Paul,montgomery,paul.montgomery@example.com,(286)479-4092
128,Lisa,fisher,lisa.fisher@example.com,531-188-4062
129,Charles,fisher,charles.fisher@example.com,341-976-6105
130,Julie,boyer,julie.boyer@example.com,9289951777
131,Kathleen,lyons,kathleen.lyons@example.com,+1-902-760-0153
132,Leah,knapp,leah.knapp@example.com,001-432-173-2226x12708
133,Sarah,le,sarah.le@example.com,362-181-0277x577
134,Joseph,le,joseph.le@example.com,165.884.9733x68926
135,Gina,nicholson,gina.nicholson@example.com,368.187.2150x157
136,Charles,nicholson,charles.nicholson@example.com,268-486-8146x2909
137,Lori,melton,lori.melton@example.com,445.027.2536
138,Travis,melton,travis.melton@example.com,494-956-1148x282
139,Claire,harris,claire.harris@example.com,(257)958-5003x542
140,Joseph,harris,joseph.harris@example.com,700.542.9085x6701
141,Amy,durham,amy.durham@example.com,8535376487
142,Michael,durham,michael.durham@example.com,264-645-4629x59177
143,Nicole,mcknight,nicole.mcknight@example.com,(590)819-3534
144,Donald,mcknight,donald.mcknight@example.com,728-455-5767
145,Veronica,rivera,veronica.rivera@example.com,476.122.9008
146,Randy,franklin,randy.franklin@example.com,+1-280-975-6271x205
147,Theresa,fuentes,theresa.fuentes@example.com,993-347-9278x204
148,Joseph,fuentes,joseph.fuentes@example.com,+1-628-584-5956x26522
149,Desiree,carey,desiree.carey@example.com,2536845716
150,Sean,carey,sean.carey@example.com,541.566.2183x10647
151,Ashley,shepard,ashley.shepard@example.com,6704164322
152,Jose,shepard,jose.shepard@example.com,913-839-4306
153,Shirley,simon,shirley.simon@example.com,001-309-912-8185x539
154,Andrew,simon,andrew.simon@example.com,+1-829-037-9768x804
155,Julie,brooks,julie.brooks@example.com,008-076-9562
156,Kenneth,brooks,kenneth.brooks@example.com,+1-986-927-6487x2130
157,Jodi,burris,jodi.burris@example.com,(361)390-2903x060
158,Kristin,grimes,kristin.grimes@example.com,2110453109
159,Isabel,best,isabel.best@example.com,(956)774-8578x4576
160,Jodi,fowler,jodi.fowler@example.com,444.412.6695
161,Peter,fowler,peter.fowler@example.com,083-027-5877
162,Elaine,hess,elaine.hess@example.com,(804)788-9759
163,Jesus,hess,jesus.hess@example.com,(005)850-1029x0531
164,Carla,stewart,carla.stewart@example.com,001-747-561-9164x22750
165,Angela,morgan,angela.morgan@example.com,636-223-4184
166,Joel,morgan,joel.morgan@example.com,(464)322-1042x81684
167,Thomas,obrien,thomas.obrien@example.com,788-437-1329x7347
168,Helen,harding,helen.harding@example.com,246-724-5283x71349
169,Anthony,harding,anthony.harding@example.com,0450321641
170,Lisa,booth,lisa.booth@example.com,+1-666-497-8475x7716
171,Terry,booth,terry.booth@example.com,0851582690
172,Alicia,romero,alicia.romero@example.com,677.972.6372x25189
173,Raymond,romero,raymond.romero@example.com,742-329-6716
174,Debra,gill,debra.gill@example.com,437.191.8246x8168
175,Timothy,gill,timothy.gill@example.com,001-838-986-7772x60679
176,Jane,powers,jane.powers@example.com,+1-504-247-9943
177,Eric,logan,eric.logan@example.com,208-507-2404x64810
178,Pamela,roy,pamela.roy@example.com,+1-985-059-1276x622
179,Justin,roy,justin.roy@example.com,+1-618-073-6920x335
180,Jennifer,frye,jennifer.frye@example.com,170-797-5068x8649
181,John,frye,john.frye@example.com,001-497-612-4791x72010
182,Dawn,donaldson,dawn.donaldson@example.com,001-678-973-8183x817
183,Karina,witt,karina.witt@example.com,(606)266-1440
184,John,witt,john.witt@example.com,742.685.9555
185,Kimberly,watkins,kimberly.watkins@example.com,634.710.4804
186,Ana,hart,ana.hart@example.com,(222)004-8827
187,Nichole,miles,nichole.miles@example.com,310.146.2798
188,Wesley,miles,wesley.miles@example.com,920-345-0010
189,Jennifer,roberts,jennifer.roberts@example.com,001-079-561-4107x8793
190,Ryan,roberts,ryan.roberts@example.com,(915)914-0758
191,Frances,gilliam,frances.gilliam@example.com,+1-585-284-4449x5258
192,Jonathan,gilliam,jonathan.gilliam@example.com,076-191-7802x2394
193,Christina,cooke,christina.cooke@example.com,740.880.8025x74113
194,Michael,cooke,michael.cooke@example.com,(908)522-0113x83798
195,Kimberly,anderson,kimberly.anderson@example.com,(617)139-7438
196,David,anderson,david.anderson@example.com,+1-742-558-2458x9052
197,Lisa,mcfadden,lisa.mcfadden@example.com,054.878.7252x0703
198,Justin,mcfadden,justin.mcfadden@example.com,001-709-559-9804x7740
199,Elizabeth,gilbert,elizabeth.gilbert@example.com,728.910.8302x966
200,Eric,gilbert,eric.gilbert@example.com,387-275-5016x019
201,Donald,cruz,donald.cruz@example.com,914.100.3991x32064
202,Amy,miller,amy.miller@example.com,018-935-0355
203,Jerry,miller,jerry.miller@example.com,549.370.3999x7855
204,Amber,lang,amber.lang@example.com,8988678572
205,Ryan,lang,ryan.lang@example.com,001-892-627-5917
206,Katherine,hunter,katherine.hunter@example.com,+1-589-485-6150
207,Anna,key,anna.key@example.com,001-166-628-8737
208,Alicia,frost,alicia.frost@example.com,651.115.6604
209,Scott,frost,scott.frost@example.com,471-726-3804x61521
210,Mark,hodge,mark.hodge@example.com,318.148.3160x848
211,Jonathan,wolfe,jonathan.wolfe@example.com,8542674124
212,Kevin,bruce,kevin.bruce@example.com,014-150-9546
213,Rebecca,ortega,rebecca.ortega@example.com,798.235.4211
214,David,ortega,david.ortega@example.com,259.242.3616x8778
215,Helen,blankenship,helen.blankenship@example.com,+1-442-758-6696x8983
216,Christina,vargas,christina.vargas@example.com,0786597556
217,Brett,vargas,brett.vargas@example.com,+1-646-125-5183
218,Shelly,dejesus,shelly.dejesus@example.com,899.439.1140
219,Martin,dejesus,martin.dejesus@example.com,056-586-8942
220,Katherine,santiago,katherine.santiago@example.com,740-259-3176x07069
221,Melissa,mccullough,melissa.mccullough@example.com,(416)728-9664
222,Mark,mccullough,mark.mccullough@example.com,(726)034-7790x61136
223,Mary,mayer,mary.mayer@example.com,2110862914
224,John,mayer,john.mayer@example.com,001-548-734-8202
225,Amanda,short,amanda.short@example.com,(564)758-6922x7348
226,Ronald,short,ronald.short@example.com,154.952.8655x18631
227,Danielle,hooper,danielle.hooper@example.com,897-915-5686
228,Larry,hooper,larry.hooper@example.com,619-844-9949x243
229,Brenda,beck,brenda.beck@example.com,055.409.1232x3373
230,Michael,puckett,michael.puckett@example.com,+1-604-783-4810x90477
231,Lisa,mullen,lisa.mullen@example.com,+1-920-655-6855x090
232,Jesse,mullen,jesse.mullen@example.com,778.369.6117
233,Amanda,hale,amanda.hale@example.com,472.217.8666x71255
234,Robert,hale,robert.hale@example.com,+1-016-927-1041x159
235,Jessica,holmes,jessica.holmes@example.com,(452)369-6062
236,Kyle,holmes,kyle.holmes@example.com,(445)518-2773x0577
237,Deborah,whitley,deborah.whitley@example.com,213.538.4395
238,James,whitley,james.whitley@example.com,001-682-416-2260
239,Michele,walton,michele.walton@example.com,201-272-5399
240,Samantha,baird,samantha.baird@example.com,+1-712-688-6223x5239
241,Cassandra,rice,cassandra.rice@example.com,404.458.9465x2133
242,Charles,rice,charles.rice@example.com,156-011-0132x6739
243,Rachel,tran,rachel.tran@example.com,402-132-5456
244,Matthew,tran,matthew.tran@example.com,856.738.0004x9547
245,Kristen,carson,kristen.carson@example.com,001-607-397-5008
246,James,carson,james.carson@example.com,001-605-619-4321x33136
247,Melissa,maldonado,melissa.maldonado@example.com,876.562.9735x56968
248,Renee,lewis,renee.lewis@example.com,189.166.6396x29050
249,Pamela,weber,pamela.weber@example.com,633-409-6439x182
250,Mary,henderson,mary.henderson@example.com,001-524-676-1602x71603
251,Michael,henderson,michael.henderson@example.com,+1-287-002-9687x466
252,Anita,odom,anita.odom@example.com,001-452-241-6870x87873
253,John,odom,john.odom@example.com,(328)719-4766
254,Bianca,hardy,bianca.hardy@example.com,3530952292
255,Angel,hardy,angel.hardy@example.com,+1-204-050-1689x4317
256,Megan,stephens,megan.stephens@example.com,001-084-060-1552x82801
257,Janet,leon,janet.leon@example.com,9006034115
258,Philip,leon,philip.leon@example.com,001-090-376-9489x946
259,Beth,huff,beth.huff@example.com,(547)454-9494
260,Tara,gibbs,tara.gibbs@example.com,428.753.0036x85729
261,Erica,bell,erica.bell@example.com,4121313429
262,Robert,bell,robert.bell@example.com,(164)557-8254x712
263,Lauren,suarez,lauren.suarez@example.com,001-775-134-2745x5756
264,Megan,hebert,megan.hebert@example.com,(425)529-5007x2542
265,Jay,hebert,jay.hebert@example.com,(195)006-0921
266,Natasha,mccarty,natasha.mccarty@example.com,530.180.6319
267,Kimberly,hester,kimberly.hester@example.com,(864)850-8361x9337
268,Jessica,davenport,jessica.davenport@example.com,001-695-114-2944x910
269,Allison,black,allison.black@example.com,972.159.1919x87650
270,David,black,david.black@example.com,073.635.3768
271,Katherine,pittman,katherine.pittman@example.com,001-098-944-7312x29890
272,Jacob,pittman,jacob.pittman@example.com,(149)264-8183x7914
273,Jennifer,burch,jennifer.burch@example.com,(605)628-1484x350
274,Tina,hinton,tina.hinton@example.com,990-019-1413x488
275,Andrew,hinton,andrew.hinton@example.com,001-847-656-0962x652
276,Lacey,alvarado,lacey.alvarado@example.com,4916889842
277,Luke,alvarado,luke.alvarado@example.com,986-410-1978x17422
278,Kelly,maxwell,kelly.maxwell@example.com,235.279.4832
279,Debbie,david,debbie.david@example.com,614-988-8072
280,Christopher,david,christopher.david@example.com,+1-022-288-0499x47611
281,Diana,payne,diana.payne@example.com,391-479-1502
282,Nichole,marshall,nichole.marshall@example.com,001-640-358-8284x1416
283,Bryan,marshall,bryan.marshall@example.com,949.343.6506x9184
284,Tiffany,wall,tiffany.wall@example.com,(554)220-2787x910
285,Michael,wall,michael.wall@example.com,(024)003-2265x506
286,Desiree,middleton,desiree.middleton@example.com,806.954.2684x89542
287,Alan,middleton,alan.middleton@example.com,628.095.0620
288,Mary,dodson,mary.dodson@example.com,928-079-3414
289,Jeremiah,dodson,jeremiah.dodson@example.com,713-371-0819
290,Emily,newman,emily.newman@example.com,0846398065
291,Pedro,newman,pedro.newman@example.com,(617)009-1861x8998
292,Jennifer,hall,jennifer.hall@example.com,719-215-0111x40355
293,Kevin,hall,kevin.hall@example.com,(085)121-6915
294,Kelly,walker,kelly.walker@example.com,+1-575-280-7034x953
295,Eric,walker,eric.walker@example.com,001-007-339-2696x818
296,Anna,buck,anna.buck@example.com,408.028.2201x858
297,Andrew,buck,andrew.buck@example.com,001-149-907-4441x1213
298,Amber,ayers,amber.ayers@example.com,688.814.3560
299,Paul,ayers,paul.ayers@example.com,+1-876-829-7948
300,Melinda,shaw,melinda.shaw@example.com,(218)993-3959
301,Nancy,travis,nancy.travis@example.com,011-717-6647x455
302,Kelly,ballard,kelly.ballard@example.com,+1-694-024-4852
303,Michael,ballard,michael.ballard@example.com,001-962-064-0464x215
304,Julie,kramer,julie.kramer@example.com,333-810-5278
305,Christian,kramer,christian.kramer@example.com,+1-496-503-7060x7743
306,Ernest,alford,ernest.alford@example.com,001-842-879-6751
307,Connie,gould,connie.gould@example.com,+1-343-655-9450x6336
308,Jerry,gould,jerry.gould@example.com,564.051.4821
309,Rita,munoz,rita.munoz@example.com,+1-964-363-9221x747
310,Susan,maynard,susan.maynard@example.com,+1-915-991-0666x52507
311,Jessica,deleon,jessica.deleon@example.com,(380)738-5751x52306
312,Joshua,deleon,joshua.deleon@example.com,8215528683
313,Abigail,lynch,abigail.lynch@example.com,+1-217-082-2805x5567
314,Jose,lynch,jose.lynch@example.com,6235412264
315,Victoria,robinson,victoria.robinson@example.com,816-917-3299x137
316,Monica,rasmussen,monica.rasmussen@example.com,409.033.4207x943
317,Michael,rasmussen,michael.rasmussen@example.com,(742)345-1232
318,Rebecca,guerra,rebecca.guerra@example.com,001-219-113-9658
319,Michael,guerra,michael.guerra@example.com,+1-520-970-6993
320,Jennifer,sandoval,jennifer.sandoval@example.com,001-713-964-0008
321,Richard,sandoval,richard.sandoval@example.com,038.585.2970
322,Tiffany,harvey,tiffany.harvey@example.com,(753)892-7099x9479
323,Thomas,harvey,thomas.harvey@example.com,4474269931
324,Kristen,mcgowan,kristen.mcgowan@example.com,(462)330-6207x702
325,Anthony,mcgowan,anthony.mcgowan@example.com,924.246.6261x718
326,Megan,hansen,megan.hansen@example.com,(263)615-1926x43387
327,Michael,hansen,michael.hansen@example.com,654-396-2088
328,Jennifer,banks,jennifer.banks@example.com,(473)007-1273x3026
329,Robert,banks,robert.banks@example.com,(796)781-6773
330,Stephanie,morse,stephanie.morse@example.com,+1-621-261-7689x326
331,Michael,morse,michael.morse@example.com,797-041-9260
332,Valerie,marks,valerie.marks@example.com,484.587.2436x4197
333,Alexis,joyce,alexis.joyce@example.com,(071)989-5319x215
334,Kristin,bender,kristin.bender@example.com,001-679-506-7592x03979
335,Tiffany,boyle,tiffany.boyle@example.com,+1-208-490-0667x42010
336,Tracy,boyle,tracy.boyle@example.com,(386)443-7495x00459
337,Abigail,olsen,abigail.olsen@example.com,(048)465-3449
338,Zachary,olsen,zachary.olsen@example.com,(550)985-3233x22341
339,Lisa,reed,lisa.reed@example.com,001-471-774-5118x73938
340,Douglas,reed,douglas.reed@example.com,193-912-0582x43929
341,Catherine,carver,catherine.carver@example.com,795.294.6738
342,Bill,carver,bill.carver@example.com,+1-419-903-4048x243
343,Kimberly,lambert,kimberly.lambert@example.com,001-608-929-0932x030
344,Edward,lambert,edward.lambert@example.com,870.451.9621
345,Bethany,abbott,bethany.abbott@example.com,(358)919-4600x7967
346,Juan,abbott,juan.abbott@example.com,(489)460-1508x44729
347,Danielle,mays,danielle.mays@example.com,+1-359-527-0257
348,Caitlin,woods,caitlin.woods@example.com,+1-903-600-8471x584
349,Jennifer,randolph,jennifer.randolph@example.com,001-874-566-7823x746
350,Douglas,randolph,douglas.randolph@example.com,(034)781-5769x21747
351,Erica,chan,erica.chan@example.com,170.633.0515x126
352,Jose,chan,jose.chan@example.com,672-208-3653x424
353,Nicole,burnett,nicole.burnett@example.com,7005635987
354,Brian,burnett,brian.burnett@example.com,351.404.5719x39042
355,Monica,winters,monica.winters@example.com,304.292.1552x2445
356,James,winters,james.winters@example.com,2189021144
357,Shelby,parks,shelby.parks@example.com,470-448-9013
358,Dawn,mendoza,dawn.mendoza@example.com,(634)280-5732
359,Robert,mendoza,robert.mendoza@example.com,708.272.1052x98126
360,Megan,peters,megan.peters@example.com,+1-918-170-7812x0414
361,Lisa,rios,lisa.rios@example.com,(312)102-5235
362,Robert,rios,robert.rios@example.com,101-121-3067
363,Cynthia,park,cynthia.park@example.com,+1-688-086-5620
364,Chad,park,chad.park@example.com,(373)057-9662x945
365,Lisa,hutchinson,lisa.hutchinson@example.com,818-444-4328x9271
366,Michaela,sampson,michaela.sampson@example.com,579.721.6184x2269
367,Ryan,sampson,ryan.sampson@example.com,6510191196
368,Melissa,schmidt,melissa.schmidt@example.com,730.681.3791
369,Carrie,macdonald,carrie.macdonald@example.com,(225)464-8031
370,James,macdonald,james.macdonald@example.com,001-631-097-4841x520
371,Felicia,camacho,felicia.camacho@example.com,(389)362-1935
372,Mario,camacho,mario.camacho@example.com,001-772-075-0942
373,Tara,bray,tara.bray@example.com,206.928.4931
374,Cameron,welch,cameron.welch@example.com,+1-438-752-5360x561
375,Michelle,dunn,michelle.dunn@example.com,+1-515-692-0789x7120
376,James,dunn,james.dunn@example.com,5762215738
377,Cassandra,perry,cassandra.perry@example.com,001-053-832-8638x24921
378,Ashley,stanton,ashley.stanton@example.com,569.817.2281x368
379,Nancy,merrill,nancy.merrill@example.com,001-230-579-4001x6161
380,Andre,merrill,andre.merrill@example.com,245.949.9063x7363
381,Crystal,carney,crystal.carney@example.com,+1-695-649-6884
382,Brian,carney,brian.carney@example.com,001-236-680-9421x36151
383,Loretta,mclaughlin,loretta.mclaughlin@example.com,614-230-3034x47112
384,Robert,mclaughlin,robert.mclaughlin@example.com,001-669-474-3659
385,Whitney,petersen,whitney.petersen@example.com,859.083.1569x768
386,Kenneth,petersen,kenneth.petersen@example.com,(094)210-5015x5788
387,Karen,wynn,karen.wynn@example.com,(090)978-4936x9904
388,Deborah,battle,deborah.battle@example.com,7262070814
389,Thomas,battle,thomas.battle@example.com,081-751-7068x475
390,Stacy,walsh,stacy.walsh@example.com,277.880.8276x716
391,John,walsh,john.walsh@example.com,+1-141-821-4546
392,Rachel,harrington,rachel.harrington@example.com,001-137-344-6786x621
393,Russell,harrington,russell.harrington@example.com,(276)269-6770x08709
394,Stacey,roach,stacey.roach@example.com,016-326-0831x48250
395,Connor,roach,connor.roach@example.com,001-403-350-0481
396,Sandra,montoya,sandra.montoya@example.com,(972)998-1092x7182
397,Jacob,silva,jacob.silva@example.com,(407)427-6824
398,Ashley,palmer,ashley.palmer@example.com,153-423-5959
399,Jeremy,palmer,jeremy.palmer@example.com,292-662-1817x841
400,Anna,rodriquez,anna.rodriquez@example.com,861-744-2918
401,Roy,rodriquez,roy.rodriquez@example.com,001-795-664-7215x191
402,Dawn,leonard,dawn.leonard@example.com,(699)757-6823x591
403,Stephanie,austin,stephanie.austin@example.com,+1-793-406-1028
404,Antonio,austin,antonio.austin@example.com,(518)963-5253x4756
405,Brianna,bowen,brianna.bowen@example.com,8523986943
406,Aaron,bowen,aaron.bowen@example.com,915-503-5464
407,Rhonda,blevins,rhonda.blevins@example.com,(925)728-4319
408,Christina,massey,christina.massey@example.com,(472)452-8023
409,David,massey,david.massey@example.com,163.587.5089x311
410,Sheila,parsons,sheila.parsons@example.com,(210)413-1300
411,Tami,mcguire,tami.mcguire@example.com,001-128-670-6711x5135
412,Geoffrey,mcguire,geoffrey.mcguire@example.com,(557)197-9799
413,Debbie,ross,debbie.ross@example.com,(396)858-9618x773
414,Teresa,cohen,teresa.cohen@example.com,474-127-9998
415,Stephen,cohen,stephen.cohen@example.com,355.750.6297
416,Terri,rosales,terri.rosales@example.com,062.004.6935x767
417,Lauren,dickson,lauren.dickson@example.com,228.159.1521x718
418,Renee,diaz,renee.diaz@example.com,804.825.6652
419,Danielle,nieves,danielle.nieves@example.com,784-312-5111
420,Chris,nieves,chris.nieves@example.com,761.465.3152
421,Theresa,wolf,theresa.wolf@example.com,001-288-053-1872
422,Brandon,wolf,brandon.wolf@example.com,952.354.7102x373
423,Jill,ruiz,jill.ruiz@example.com,001-989-353-9115
424,Donna,estes,donna.estes@example.com,001-858-312-2034x75680
425,James,estes,james.estes@example.com,959-902-0292
426,Samantha,floyd,samantha.floyd@example.com,(019)287-7077
427,Bradley,floyd,bradley.floyd@example.com,935-523-9763x73649
428,Patricia,goodwin,patricia.goodwin@example.com,001-463-481-6055x38218
429,Mary,todd,mary.todd@example.com,667.463.6627
430,Melissa,smith,melissa.smith@example.com,+1-683-694-8215x5114
431,Debra,house,debra.house@example.com,7308998471
432,Kevin,house,kevin.house@example.com,001-706-694-5309x58602
433,Michael,sharpe,michael.sharpe@example.com,(068)754-0149
434,Karen,barr,karen.barr@example.com,+1-506-683-0421x6625
435,Scott,barr,scott.barr@example.com,+1-795-487-6412x562
436,Danielle,castro,danielle.castro@example.com,001-687-747-6118x51875
437,Anna,bauer,anna.bauer@example.com,6144769004
438,James,bauer,james.bauer@example.com,+1-249-980-7528x0428
439,Ashley,chambers,ashley.chambers@example.com,371-415-5624x6839
440,Eric,chambers,eric.chambers@example.com,+1-600-656-1093x665
441,Juan,heath,juan.heath@example.com,337-877-7519x22512
442,Shannon,sweeney,shannon.sweeney@example.com,349-933-1663x35531
443,Joshua,sweeney,joshua.sweeney@example.com,276-536-3306x62392
444,Paula,foley,paula.foley@example.com,+1-313-889-0292x594
445,Stephen,foley,stephen.foley@example.com,445.381.8477
446,Taylor,weiss,taylor.weiss@example.com,(468)559-7722x09361
447,Brian,weiss,brian.weiss@example.com,001-797-240-5652x14626
448,Christine,whitehead,christine.whitehead@example.com,133-547-7154x257
449,Todd,whitehead,todd.whitehead@example.com,(300)079-7581
450,Michelle,simmons,michelle.simmons@example.com,100.242.4597x05380
451,Alec,simmons,alec.simmons@example.com,001-954-248-5413x74548
452,Tina,holt,tina.holt@example.com,092.666.5926x8407
453,Greg,holt,greg.holt@example.com,(968)800-3299x89365
454,Troy,wells,troy.wells@example.com,001-910-881-2999x66121
455,Jamie,swanson,jamie.swanson@example.com,001-167-910-6592
456,William,swanson,william.swanson@example.com,001-901-722-7067x1121
457,Nicole,conley,nicole.conley@example.com,+1-711-170-6882x12391
458,Gary,conley,gary.conley@example.com,001-191-824-1417
459,Rachel,lopez,rachel.lopez@example.com,364-506-4062x175
460,Sarah,dunlap,sarah.dunlap@example.com,981.519.7981
461,Melissa,browning,melissa.browning@example.com,6504158764
462,Frank,browning,frank.browning@example.com,+1-914-674-1829x8983
463,Kimberly,vaughn,kimberly.vaughn@example.com,+1-029-390-4403x796
464,Darryl,vaughn,darryl.vaughn@example.com,(590)645-8807
465,Erica,cline,erica.cline@example.com,(925)140-0851
466,Ashley,bonner,ashley.bonner@example.com,(369)200-2886x0541
467,Paul,bonner,paul.bonner@example.com,081.148.0558x4516
468,Dominique,robertson,dominique.robertson@example.com,5389056005
469,Kendra,whitaker,kendra.whitaker@example.com,261-927-8669x345
470,Christopher,whitaker,christopher.whitaker@example.com,+1-296-148-2127x5273
471,Holly,martin,holly.martin@example.com,(951)804-2485x91635
472,Tonya,vinson,tonya.vinson@example.com,(561)980-3345x69646
473,Karen,roth,karen.roth@example.com,+1-849-055-6279x07797
474,David,roth,david.roth@example.com,309-951-6820
475,Jennifer,goodman,jennifer.goodman@example.com,(713)123-3147
476,Timothy,goodman,timothy.goodman@example.com,(017)389-0913x2588
477,Sydney,estrada,sydney.estrada@example.com,302-686-2844x78010
478,Chelsea,wiley,chelsea.wiley@example.com,+1-311-139-2870x035
479,Kevin,wiley,kevin.wiley@example.com,001-206-981-7973x2880
480,Monica,patterson,monica.patterson@example.com,001-613-881-1386
481,Laura,church,laura.church@example.com,356.587.7180
482,Brett,church,brett.church@example.com,+1-604-179-4254x8962
483,April,cox,april.cox@example.com,001-758-590-6608x0726
484,Tina,bullock,tina.bullock@example.com,410.468.7659
485,Jason,bullock,jason.bullock@example.com,001-412-478-6693x71433
486,Linda,valentine,linda.valentine@example.com,(286)997-7486x15184
487,Douglas,cleveland,douglas.cleveland@example.com,124-248-9458
488,Erin,fox,erin.fox@example.com,070.479.0027x311
489,Danielle,cunningham,danielle.cunningham@example.com,+1-212-018-7675x27424
490,Jeremy,cunningham,jeremy.cunningham@example.com,001-020-308-6080x206
491,Tonya,bowers,tonya.bowers@example.com,+1-552-803-3254x4192
492,Scott,bowers,scott.bowers@example.com,716-936-6955
493,Amy,bishop,amy.bishop@example.com,(443)480-2925x79284
494,Victor,bishop,victor.bishop@example.com,001-537-327-0134x9887
495,Phyllis,cooley,phyllis.cooley@example.com,755-045-6435x111
496,Roger,cooley,roger.cooley@example.com,661.877.0737x77873
497,Tiffany,hartman,tiffany.hartman@example.com,589-225-3368x177
498,Brent,hartman,brent.hartman@example.com,0542887879
499,Catherine,rollins,catherine.rollins@example.com,090-463-1754x93312
500,Thomas,rollins,thomas.rollins@example.com,5684747430
501,Kimberly,chen,kimberly.chen@example.com,(986)388-4326x95415
502,Jorge,pierce,jorge.pierce@example.com,976-035-0238
503,Sandra,gomez,sandra.gomez@example.com,(594)670-0791x8552
504,Jennifer,holman,jennifer.holman@example.com,+1-759-236-0445x757
505,Emily,slater,emily.slater@example.com,(714)154-7471
506,Ryan,slater,ryan.slater@example.com,238-080-1717
507,Emily,bush,emily.bush@example.com,362-348-4279x029
508,Nicholas,bush,nicholas.bush@example.com,+1-387-638-8017
509,Jenna,rich,jenna.rich@example.com,001-266-983-1680x76330
510,James,rich,james.rich@example.com,270-511-8856x154
511,Felicia,newton,felicia.newton@example.com,+1-094-998-8179x3069
512,Raymond,newton,raymond.newton@example.com,(394)981-2747x173
513,Cynthia,gaines,cynthia.gaines@example.com,881.264.5031
514,Terry,vance,terry.vance@example.com,3003779084
515,Samantha,ramos,samantha.ramos@example.com,001-207-514-1023x215
516,John,ramos,john.ramos@example.com,001-972-137-4191x2459
517,Teresa,walls,teresa.walls@example.com,001-558-943-8613x37427
518,Nicholas,walls,nicholas.walls@example.com,+1-088-159-5994x4694
519,Scott,spencer,scott.spencer@example.com,284-589-4498x9293
520,Melissa,gamble,melissa.gamble@example.com,375.171.3775x822
521,Jeffery,gamble,jeffery.gamble@example.com,372.313.2817x262
522,Tracey,stein,tracey.stein@example.com,(219)748-3709
523,James,stein,james.stein@example.com,694-358-9098
524,Gina,sullivan,gina.sullivan@example.com,733-809-9376
525,Frank,sullivan,frank.sullivan@example.com,(954)799-2239
526,Anne,boyd,anne.boyd@example.com,875.280.6643x0893
527,Jose,boyd,jose.boyd@example.com,001-707-192-3648x6926
528,Amanda,terry,amanda.terry@example.com,565-080-4855
529,Laura,hoffman,laura.hoffman@example.com,0542840216
530,Melissa,watts,melissa.watts@example.com,194.036.7079x5900
531,Andrea,allison,andrea.allison@example.com,221.618.2513x094
532,Susan,santana,susan.santana@example.com,881.483.3666
533,Shelly,cochran,shelly.cochran@example.com,001-763-559-5206x072
534,Marcus,delacruz,marcus.delacruz@example.com,483.135.3563
535,Gabrielle,vega,gabrielle.vega@example.com,9689940496
536,Ethan,vega,ethan.vega@example.com,012-154-5794
537,Kathy,vasquez,kathy.vasquez@example.com,(850)284-6078
538,Dawn,hatfield,dawn.hatfield@example.com,001-012-432-3101x28252
539,Eddie,hatfield,eddie.hatfield@example.com,064.864.7248x695
540,Elizabeth,lowe,elizabeth.lowe@example.com,146.287.3270x28073
541,Randall,lowe,randall.lowe@example.com,(688)249-6646x8501
542,Jessica,duke,jessica.duke@example.com,(307)888-0229
543,Jamie,morin,jamie.morin@example.com,2652765144
544,George,morin,george.morin@example.com,500.631.3455
545,Heather,pitts,heather.pitts@example.com,184.661.0354
546,Nicole,dillon,nicole.dillon@example.com,(200)623-8322
547,Jennifer,fernandez,jennifer.fernandez@example.com,001-032-773-4403
548,Kimberly,ball,kimberly.ball@example.com,217.360.3946x38940
549,Claudia,gentry,claudia.gentry@example.com,631.430.9779
550,Joanna,ewing,joanna.ewing@example.com,001-870-386-0748
551,Jonathan,ewing,jonathan.ewing@example.com,001-749-954-5873x43572
552,Haley,reese,haley.reese@example.com,(570)269-6488
553,Craig,reese,craig.reese@example.com,259-888-2294
554,Rachel,valenzuela,rachel.valenzuela@example.com,449-941-6127
555,Robert,valenzuela,robert.valenzuela@example.com,(678)225-5010
556,Brittany,hanson,brittany.hanson@example.com,682.941.8700
557,Michael,hanson,michael.hanson@example.com,001-099-473-9913
558,Stacy,castaneda,stacy.castaneda@example.com,(204)912-0471x5852
559,Clarence,castaneda,clarence.castaneda@example.com,001-246-989-0605x27975
560,Kelly,leblanc,kelly.leblanc@example.com,001-550-650-6159
561,Michael,leblanc,michael.leblanc@example.com,+1-484-569-5036x97188
562,Elizabeth,wilcox,elizabeth.wilcox@example.com,(152)658-3120x4338
563,Joseph,wilcox,joseph.wilcox@example.com,843-878-7370x06663
564,Michelle,elliott,michelle.elliott@example.com,1348527284
565,Jane,mann,jane.mann@example.com,+1-064-548-4140
566,Curtis,mann,curtis.mann@example.com,(574)471-3970x31689
567,Rhonda,juarez,rhonda.juarez@example.com,001-975-947-1046x056
568,Christopher,juarez,christopher.juarez@example.com,(326)414-1961x9631
569,April,macias,april.macias@example.com,(505)059-4955
570,Amy,dennis,amy.dennis@example.com,1850472768
571,Richard,dennis,richard.dennis@example.com,857-838-6906x97443
572,Kristine,rutledge,kristine.rutledge@example.com,212.288.9575x91847
573,Corey,rutledge,corey.rutledge@example.com,024-176-6275
574,Christina,singleton,christina.singleton@example.com,+1-618-698-8156x70155
575,Shannon,jarvis,shannon.jarvis@example.com,655-639-7165
576,David,jarvis,david.jarvis@example.com,498-382-0924
577,Jennifer,watson,jennifer.watson@example.com,001-082-081-3818x642
578,Larry,watson,larry.watson@example.com,454-469-2554x375
579,Laura,mcdonald,laura.mcdonald@example.com,590.161.7215
580,Dennis,mcdonald,dennis.mcdonald@example.com,4498785888
581,Samantha,kinney,samantha.kinney@example.com,001-625-436-7724
582,Andrew,kinney,andrew.kinney@example.com,637-209-1023x402
583,Sandy,dixon,sandy.dixon@example.com,4880723235
584,Sharon,wright,sharon.wright@example.com,001-367-314-0082x58391
585,Lori,chavez,lori.chavez@example.com,001-338-959-9753x2392
586,Susan,nixon,susan.nixon@example.com,840.796.1608x042
587,Tracy,nixon,tracy.nixon@example.com,(454)083-0904x1445
588,Hailey,ochoa,hailey.ochoa@example.com,047.903.3344x90325
589,Lindsey,gillespie,lindsey.gillespie@example.com,+1-265-440-2900x6942
590,Mitchell,gillespie,mitchell.gillespie@example.com,222-822-9173x136
591,Kimberly,shelton,kimberly.shelton@example.com,591.764.4026
592,Timothy,shelton,timothy.shelton@example.com,001-754-159-3988
593,Laura,stout,laura.stout@example.com,041-529-0204x8399
594,Jamie,bailey,jamie.bailey@example.com,3827890383
595,James,bailey,james.bailey@example.com,001-564-881-3192x2188
596,Jill,santos,jill.santos@example.com,049-164-6112x497
597,Julia,barrett,julia.barrett@example.com,9376285680
598,Jared,barrett,jared.barrett@example.com,508.448.7670x39325
599,Jennifer,salazar,jennifer.salazar@example.com,828-209-7094
600,Karen,langley,karen.langley@example.com,001-444-271-0016x886
601,Samuel,langley,samuel.langley@example.com,578.028.5507x404
602,Tracey,patel,tracey.patel@example.com,+1-230-980-6657x534
603,Michael,patel,michael.patel@example.com,8442509308
604,Robin,bass,robin.bass@example.com,(507)849-9789x068
605,Jennifer,riddle,jennifer.riddle@example.com,001-446-916-9714x37755
606,Grant,riddle,grant.riddle@example.com,250-508-1315
607,Briana,parrish,briana.parrish@example.com,077.486.5468x5723
608,Corey,parrish,corey.parrish@example.com,001-406-442-3572x1848
609,Brooke,william,brooke.william@example.com,001-185-686-4855x66445
610,Roy,william,roy.william@example.com,510.665.7338x7630
611,Heidi,king,heidi.king@example.com,(453)020-4328
612,Wesley,king,wesley.king@example.com,(648)038-4048x36901
613,Andrea,vaughan,andrea.vaughan@example.com,2008764859
614,Jasmin,lowery,jasmin.lowery@example.com,(316)297-7454x854
615,Becky,bird,becky.bird@example.com,719.509.1012x212
616,Joseph,bird,joseph.bird@example.com,+1-182-406-6783x49860
617,Mary,brewer,mary.brewer@example.com,+1-245-083-7042x744
618,Kevin,brewer,kevin.brewer@example.com,953.527.0600
619,Donald,henson,donald.henson@example.com,(861)361-5622x47845
620,Brittney,houston,brittney.houston@example.com,001-694-075-7632
621,Daniel,houston,daniel.houston@example.com,819.177.2919
622,Stephanie,knight,stephanie.knight@example.com,+1-314-857-5721x345
623,Gregory,knight,gregory.knight@example.com,001-254-634-7406x9540
624,Carol,whitfield,carol.whitfield@example.com,(108)533-2159
625,Mark,whitfield,mark.whitfield@example.com,(243)992-3095x309
626,Melissa,kirkland,melissa.kirkland@example.com,754.264.6407
627,Dustin,kirkland,dustin.kirkland@example.com,(088)567-6266x93634
628,Susan,adams,susan.adams@example.com,001-274-464-1939
629,Mark,adams,mark.adams@example.com,+1-374-073-0983x1950
630,Judy,howell,judy.howell@example.com,+1-382-133-6973x556
631,Alexander,howell,alexander.howell@example.com,472-107-3641
632,Betty,simpson,betty.simpson@example.com,636-025-9652
633,Arthur,simpson,arthur.simpson@example.com,(171)682-7688
634,Julia,fuller,julia.fuller@example.com,900.727.2323x4396
635,Patrick,fuller,patrick.fuller@example.com,085.879.9845
636,Janet,acevedo,janet.acevedo@example.com,001-791-027-0384x0595
637,Ryan,acevedo,ryan.acevedo@example.com,001-405-321-3702
638,Susan,bryant,susan.bryant@example.com,(538)923-9337x0646
639,Cynthia,hoover,cynthia.hoover@example.com,085.169.1918x14829
640,William,hoover,william.hoover@example.com,385.420.7056
641,Maria,moreno,maria.moreno@example.com,389-245-1820x9406
642,Christian,moreno,christian.moreno@example.com,+1-362-496-4580x340
643,Catherine,gibson,catherine.gibson@example.com,(096)999-7568x4700
644,Anthony,gibson,anthony.gibson@example.com,(072)773-7404x966
645,Carolyn,hobbs,carolyn.hobbs@example.com,(154)196-2493x007
646,Lisa,conway,lisa.conway@example.com,581.067.9526
647,Jason,conway,jason.conway@example.com,906-421-2811x5628
648,Jill,rivas,jill.rivas@example.com,2159142441
649,Daniel,rivas,daniel.rivas@example.com,(624)679-6897x292
650,Ruth,flores,ruth.flores@example.com,(947)444-4675x98804
651,Zachary,flores,zachary.flores@example.com,001-744-929-3206x88706
652,Annette,moss,annette.moss@example.com,033-790-7360x985
653,Sean,moss,sean.moss@example.com,646-968-0070x125
654,Karen,callahan,karen.callahan@example.com,(545)130-3860
655,Richard,callahan,richard.callahan@example.com,082-282-7336x9990
656,Nicole,graham,nicole.graham@example.com,(443)050-4111
657,Alex,graham,alex.graham@example.com,993.070.4111
658,Kelly,doyle,kelly.doyle@example.com,002.279.7814x07924
659,Joshua,doyle,joshua.doyle@example.com,(923)377-8284x3560
660,Angela,keith,angela.keith@example.com,+1-804-325-2053x229
661,Wendy,ashley,wendy.ashley@example.com,416-925-8722x710
662,Gregory,ashley,gregory.ashley@example.com,059.604.1445x3260
663,Yvonne,sellers,yvonne.sellers@example.com,238-108-7413x36263
664,Danielle,day,danielle.day@example.com,573.717.7394
665,David,day,david.day@example.com,+1-325-715-5530
666,Theresa,kelly,theresa.kelly@example.com,+1-410-093-7187x59553
667,Michael,kelly,michael.kelly@example.com,803.468.1296
668,Mary,savage,mary.savage@example.com,+1-792-811-3364x28378
669,Kathleen,lloyd,kathleen.lloyd@example.com,(228)666-1244
670,Donna,waller,donna.waller@example.com,(631)403-7530x599
671,Lisa,boone,lisa.boone@example.com,(262)450-4180x36532
672,Danielle,tyler,danielle.tyler@example.com,(959)278-4956
673,Alexander,tyler,alexander.tyler@example.com,6244703768
674,Brianna,barker,brianna.barker@example.com,074.979.5724x205
675,Jennifer,osborne,jennifer.osborne@example.com,4490742095
676,Jessica,mason,jessica.mason@example.com,+1-755-789-5583
677,Brad,mason,brad.mason@example.com,001-750-396-5728x83852
678,Jennifer,daniels,jennifer.daniels@example.com,514.805.9206x96224
679,Brett,daniels,brett.daniels@example.com,(038)225-4948x708
680,Michelle,norman,michelle.norman@example.com,789.205.0924
681,Trevor,norman,trevor.norman@example.com,941-235-1671
682,Raven,burke,raven.burke@example.com,001-092-320-9006
683,Bradley,burke,bradley.burke@example.com,(347)192-3335x9946
684,Brittany,wallace,brittany.wallace@example.com,+1-707-215-9974
685,James,wallace,james.wallace@example.com,+1-186-122-1466
686,Maria,west,maria.west@example.com,001-155-414-4940x7484
687,Jennifer,lindsay,jennifer.lindsay@example.com,001-863-876-0770
688,Corey,lindsay,corey.lindsay@example.com,527-083-4960
689,Ebony,hunt,ebony.hunt@example.com,604-016-9076x53686
690,Angela,eaton,angela.eaton@example.com,001-594-833-3245
691,Lindsey,mccarthy,lindsey.mccarthy@example.com,234.890.1912
692,Leslie,berger,leslie.berger@example.com,332.755.0228x215
693,Shawn,berger,shawn.berger@example.com,788.582.4526
694,David,holden,david.holden@example.com,993.964.3485x55920
695,Denise,chase,denise.chase@example.com,(021)137-6091
696,Michael,chase,michael.chase@example.com,001-154-270-7957x523
697,Mary,stevenson,mary.stevenson@example.com,(461)871-7956
698,Debra,buckner,debra.buckner@example.com,001-742-546-0391x413
699,Sean,buckner,sean.buckner@example.com,001-874-234-5512x800
700,Janice,zimmerman,janice.zimmerman@example.com,348.696.0066
701,Samantha,copeland,samantha.copeland@example.com,404.524.8561
702,David,copeland,david.copeland@example.com,441.931.8297
703,Terri,petty,terri.petty@example.com,886-673-2028
704,Jeffrey,petty,jeffrey.petty@example.com,605-264-6188
705,Ruth,britt,ruth.britt@example.com,(770)705-9640x455
706,Lauren,morales,lauren.morales@example.com,851-821-6317
707,Travis,morales,travis.morales@example.com,(689)350-8606
708,Audrey,benton,audrey.benton@example.com,001-688-010-3138x1934
709,John,benton,john.benton@example.com,457-225-2793
710,Kaitlin,hogan,kaitlin.hogan@example.com,657.531.9688x15247
711,Taylor,hogan,taylor.hogan@example.com,031.695.7937x403
712,Tiffany,carr,tiffany.carr@example.com,3406751898
713,Jill,bridges,jill.bridges@example.com,001-041-106-0424x3482
714,Adam,bridges,adam.bridges@example.com,3643070420
715,Valerie,stevens,valerie.stevens@example.com,358.714.0164x410
716,Craig,stevens,craig.stevens@example.com,(766)401-0287x527
717,Victor,allen,victor.allen@example.com,885.417.4416
718,Amy,baker,amy.baker@example.com,167.874.3060x81973
719,Joseph,baker,joseph.baker@example.com,793.416.4233
720,Tammy,golden,tammy.golden@example.com,0536573379
721,Nancy,russo,nancy.russo@example.com,(123)420-7142x63050
722,Melissa,evans,melissa.evans@example.com,684-540-1622x9443
723,Aaron,evans,aaron.evans@example.com,415.737.1687x7208
724,Jennifer,herring,jennifer.herring@example.com,+1-333-873-1913
725,Greg,herring,greg.herring@example.com,(035)677-6716
726,Anna,glass,anna.glass@example.com,0647217830
727,Thomas,glass,thomas.glass@example.com,+1-364-690-3597
728,Raymond,morrow,raymond.morrow@example.com,645-972-2863x1112
729,Laura,coleman,laura.coleman@example.com,001-905-542-3540x00161
730,Terry,coleman,terry.coleman@example.com,759-296-1319x88079
731,Virginia,patton,virginia.patton@example.com,+1-816-292-9535x896
732,Mary,baxter,mary.baxter@example.com,001-091-916-9502x13612
733,Patrick,giles,patrick.giles@example.com,599-539-0817x575
734,Juan,warner,juan.warner@example.com,001-294-160-3171x0819
735,Jamie,head,jamie.head@example.com,5477499853
736,Darren,head,darren.head@example.com,+1-962-249-6244
737,Sydney,carpenter,sydney.carpenter@example.com,(237)757-7471x6979
738,Jimmy,carpenter,jimmy.carpenter@example.com,089-869-0828x3398
739,Norma,larson,norma.larson@example.com,+1-693-136-1710
740,Tim,larson,tim.larson@example.com,299.497.2210x94816
741,Susan,levine,susan.levine@example.com,+1-439-493-9615x86738
742,Jeremy,levine,jeremy.levine@example.com,150.183.6575
743,Shawna,hampton,shawna.hampton@example.com,513.070.2805x132
744,John,hampton,john.hampton@example.com,001-753-036-5224x2195
745,Timothy,lara,timothy.lara@example.com,(139)236-5444x6568
746,Lisa,carlson,lisa.carlson@example.com,001-976-996-9810x392
747,Joshua,carlson,joshua.carlson@example.com,(862)990-7864x095
748,Kelly,bowman,kelly.bowman@example.com,001-599-220-4760
749,Danielle,cabrera,danielle.cabrera@example.com,662-988-7906x419
750,Jacob,cabrera,jacob.cabrera@example.com,597.261.3739
751,Amy,zamora,amy.zamora@example.com,330-871-9965x1797
752,Tina,wagner,tina.wagner@example.com,401.150.1644
753,Clarence,marsh,clarence.marsh@example.com,032.338.3334
754,Sharon,rowland,sharon.rowland@example.com,001-028-988-4856x67152
755,Preston,rowland,preston.rowland@example.com,(395)245-2154x296
756,Whitney,mills,whitney.mills@example.com,+1-975-125-1348
757,Amy,kline,amy.kline@example.com,165-903-4954
758,Rebecca,webb,rebecca.webb@example.com,(200)758-8111
759,Kimberly,jefferson,kimberly.jefferson@example.com,653.791.3019x489
760,Crystal,paul,crystal.paul@example.com,175-761-1642x67327
761,Erika,soto,erika.soto@example.com,984-621-9062x379
762,Colleen,henry,colleen.henry@example.com,(300)693-8731x662
763,Joshua,henry,joshua.henry@example.com,+1-342-442-0697x97175
764,Danielle,alston,danielle.alston@example.com,639.909.1288x3889
765,Tommy,alston,tommy.alston@example.com,(976)086-2900x32096
766,Heather,tate,heather.tate@example.com,032.041.1738
767,Carlos,tate,carlos.tate@example.com,1254314981
768,Valerie,kaufman,valerie.kaufman@example.com,763.719.2973x793
769,James,kaufman,james.kaufman@example.com,7484461555
770,Maria,bean,maria.bean@example.com,(119)379-0620x65408
771,Christopher,bean,christopher.bean@example.com,773.099.1109x7904
772,Ashley,becker,ashley.becker@example.com,(586)338-8696
773,William,becker,william.becker@example.com,074-342-6656
774,Phyllis,snow,phyllis.snow@example.com,810-416-4345x55212
775,Michael,snow,michael.snow@example.com,(397)796-8833x4447
776,Katie,jackson,katie.jackson@example.com,+1-444-629-8366x38785
777,Justin,jackson,justin.jackson@example.com,+1-992-314-7738x52293
778,Timothy,snider,timothy.snider@example.com,(732)619-0461
779,Angela,spears,angela.spears@example.com,001-697-265-6875x5632
780,Damon,spears,damon.spears@example.com,(443)788-2074x2853
781,Samantha,maddox,samantha.maddox@example.com,975-718-8479
782,Frank,maddox,frank.maddox@example.com,(511)794-4462x3435
783,Robert,sanford,robert.sanford@example.com,(726)206-4996
784,Sarah,lee,sarah.lee@example.com,+1-495-246-1638x461
785,Dennis,lee,dennis.lee@example.com,754-762-7506
786,Amanda,hendricks,amanda.hendricks@example.com,(906)774-6697
787,Christopher,hendricks,christopher.hendricks@example.com,+1-548-610-3332
788,Suzanne,richard,suzanne.richard@example.com,671.373.0497
789,Sarah,alexander,sarah.alexander@example.com,001-748-339-5340x672
790,Robert,alexander,robert.alexander@example.com,319-012-2916x76868
791,Stephen,hays,stephen.hays@example.com,(329)480-4955x8865
792,Isabella,conrad,isabella.conrad@example.com,001-279-682-8853x806
793,Renee,christensen,renee.christensen@example.com,(032)783-6097
794,Blake,christensen,blake.christensen@example.com,001-332-306-7567
795,Melissa,ingram,melissa.ingram@example.com,(429)336-7061
796,Sheila,huber,sheila.huber@example.com,5617900032
797,Shawn,huber,shawn.huber@example.com,515.025.9202
798,Brianna,tanner,brianna.tanner@example.com,174-246-6908x49538
799,Devin,tanner,devin.tanner@example.com,001-101-714-0735x4723
800,Jamie,cherry,jamie.cherry@example.com,001-250-882-2729x79289
801,Marcus,cherry,marcus.cherry@example.com,001-582-606-2437x43013
802,Brittney,jensen,brittney.jensen@example.com,001-476-610-8444
803,Joseph,jensen,joseph.jensen@example.com,(991)076-0809x8293
804,Susan,garcia,susan.garcia@example.com,306.309.8738x8800
805,Veronica,alvarez,veronica.alvarez@example.com,(538)060-5133
806,Zachary,alvarez,zachary.alvarez@example.com,+1-684-913-3241
807,Lisa,decker,lisa.decker@example.com,719-589-6540
808,Erik,decker,erik.decker@example.com,744.981.2906
809,Susan,rush,susan.rush@example.com,815-801-2876
810,Brittany,joseph,brittany.joseph@example.com,257-085-9969x466
811,Regina,fitzgerald,regina.fitzgerald@example.com,+1-678-951-2345x3055
812,David,fitzgerald,david.fitzgerald@example.com,001-331-804-6238x60270
813,Christine,mercado,christine.mercado@example.com,001-805-309-4241x466
814,Samuel,mercado,samuel.mercado@example.com,001-875-675-5723x39798
815,Brandy,sloan,brandy.sloan@example.com,001-531-105-2692
816,Sheila,bond,sheila.bond@example.com,104-020-2690
817,Mario,bond,mario.bond@example.com,(608)846-9836x757
818,Maria,sutton,maria.sutton@example.com,001-550-463-3210x4034
819,Gerald,sutton,gerald.sutton@example.com,(850)569-7980x237
820,Lisa,briggs,lisa.briggs@example.com,102.772.7248
821,Joshua,briggs,joshua.briggs@example.com,664.500.3549x894
822,Brooke,jennings,brooke.jennings@example.com,(736)859-7085
823,Jeffrey,jennings,jeffrey.jennings@example.com,+1-033-635-3002x97575
824,Maria,walter,maria.walter@example.com,508-790-9972x157
825,Julie,joyner,julie.joyner@example.com,(823)435-6543
826,Dana,buckley,dana.buckley@example.com,(977)015-4350
827,Michael,buckley,michael.buckley@example.com,675-384-7174
828,Heather,phillips,heather.phillips@example.com,001-777-325-6868x32147
829,Nathaniel,phillips,nathaniel.phillips@example.com,001-763-470-9712x6487
830,Kaylee,benjamin,kaylee.benjamin@example.com,636-186-2990
831,Brandon,benjamin,brandon.benjamin@example.com,(724)405-5362x868
832,Angela,norris,angela.norris@example.com,069.229.7923x6373
833,Keith,norris,keith.norris@example.com,427-967-0191x072
834,Kristi,justice,kristi.justice@example.com,1943674453
835,Kevin,justice,kevin.justice@example.com,681-673-0759x9380
836,Alexis,campos,alexis.campos@example.com,449.690.7840
837,Patrick,campos,patrick.campos@example.com,1047151969
838,Sharon,gilmore,sharon.gilmore@example.com,(061)420-2859
839,Chad,shannon,chad.shannon@example.com,(840)233-0009x28638
840,Chelsea,berry,chelsea.berry@example.com,412.619.2006
841,Helen,holloway,helen.holloway@example.com,819.025.6591x918
842,Manuel,holloway,manuel.holloway@example.com,(832)950-3799
843,Whitney,figueroa,whitney.figueroa@example.com,001-983-197-0536
844,Elizabeth,gutierrez,elizabeth.gutierrez@example.com,(840)835-9539
845,Joshua,gutierrez,joshua.gutierrez@example.com,470-950-5061x720
846,Maria,barrera,maria.barrera@example.com,001-756-804-4798
847,David,barrera,david.barrera@example.com,588.578.0755x981
848,Allison,ferrell,allison.ferrell@example.com,001-928-860-6126
849,Thomas,ferrell,thomas.ferrell@example.com,+1-699-977-9256x577
850,Stacey,hawkins,stacey.hawkins@example.com,354-349-3363x095
851,Jacob,hawkins,jacob.hawkins@example.com,630-357-6700x9174
852,Sarah,quinn,sarah.quinn@example.com,420.924.6675x397
853,Trevor,quinn,trevor.quinn@example.com,(229)252-2931x57616
854,Carl,stone,carl.stone@example.com,363-819-2905x976
855,Sylvia,rodgers,sylvia.rodgers@example.com,266-964-1195x77049
856,Mark,rodgers,mark.rodgers@example.com,757-980-1728
857,Gordon,roman,gordon.roman@example.com,+1-948-141-2004x83886
858,Rachel,wilkins,rachel.wilkins@example.com,(224)845-0383x93129
859,Billy,wilkins,billy.wilkins@example.com,893.263.6435
860,Jasmin,burks,jasmin.burks@example.com,142-708-8358x909
861,Erica,crosby,erica.crosby@example.com,001-156-599-9813x3288
862,Mark,crosby,mark.crosby@example.com,(082)971-0265x22486
863,Taylor,Rosales,taylor.rosales@example.com,888.543.5862
864,John,Foster,john.foster@example.com,+1-271-720-7638x224
865,Amber,Harding,amber.harding@example.com,+1-440-720-1597x256
866,Christopher,Johnson,christopher.johnson@example.com,138-246-3206x51625
867,Stacey,Miller,stacey.miller@example.com,808-437-0546x049
868,Brandon,Smith,brandon.smith@example.com,(246)508-3289
869,Anthony,Jones,anthony.jones@example.com,218-482-0472
870,Cameron,Williams,cameron.williams@example.com,533-505-5096
871,Heather,Williams,heather.williams@example.com,001-848-980-5166
872,Christopher,Fuller,christopher.fuller@example.com,475.107.2469x31692
873,Michael,Harrison,michael.harrison@example.com,397.740.1747x1909
874,Denise,Chavez,denise.chavez@example.com,183.396.9637
875,Anthony,Wilkerson,anthony.wilkerson@example.com,+1-978-595-4699x2409
876,Ashley,Henderson,ashley.henderson@example.com,(847)079-4206
877,Michael,Martinez,michael.martinez@example.com,779-524-2466
878,Stephanie,Gardner,stephanie.gardner@example.com,+1-511-850-3137x31722
879,Judith,Smith,judith.smith@example.com,767.827.8420x39968
880,Patricia,Brown,patricia.brown@example.com,+1-904-819-7059
881,Matthew,Perez,matthew.perez@example.com,(665)110-4542
882,Melissa,Williams,melissa.williams@example.com,8045220045
883,Julia,Bean,julia.bean@example.com,+1-283-659-3588x08242
884,Zachary,Roman,zachary.roman@example.com,9831525095
885,Cody,Cline,cody.cline@example.com,(483)315-2201x447
886,Darin,Tanner,darin.tanner@example.com,(712)189-5828
887,Kyle,Meyer,kyle.meyer@example.com,+1-105-555-3486x25695
888,William,Thomas,william.thomas@example.com,+1-128-409-0275
889,Jonathan,Jones,jonathan.jones@example.com,520.076.6691x048
890,Tina,Herrera,tina.herrera@example.com,866.436.2933
891,Alicia,Martin,alicia.martin@example.com,221-712-5737x853
892,Diane,Webster,diane.webster@example.com,712-476-3074x64895
893,Brenda,Koch,brenda.koch@example.com,925-350-6282x33106
894,Kristin,Coleman,kristin.coleman@example.com,695-156-1668
895,Lindsay,Rodriguez,lindsay.rodriguez@example.com,(443)483-1025
896,Jo,Roberts,jo.roberts@example.com,705-704-9251x523
897,Michael,Jenkins,michael.jenkins@example.com,246-577-2136x63062
898,Seth,Estes,seth.estes@example.com,001-339-619-2745
899,Kristopher,Munoz,kristopher.munoz@example.com,+1-460-699-9630x475
900,Benjamin,Lewis,benjamin.lewis@example.com,063-155-8786x3545
901,Sarah,Melton,sarah.melton@example.com,518.738.6363x78231
902,Robert,Wright,robert.wright@example.com,001-562-802-9511x5818
903,Rebecca,Sims,rebecca.sims@example.com,(712)116-6044x230
904,David,Robinson,david.robinson@example.com,(534)247-3110x2140
905,Jerome,Palmer,jerome.palmer@example.com,+1-633-456-1418x9835
906,Hector,Anderson,hector.anderson@example.com,+1-339-482-2603x914
907,Mario,Allen,mario.allen@example.com,(166)971-9871
908,Deborah,Adams,deborah.adams@example.com,636.210.6466x963
909,Kyle,Carrillo,kyle.carrillo@example.com,163-778-4696x8719
910,Julie,Baker,julie.baker@example.com,732-948-9810
911,Kim,Gray,kim.gray@example.com,(854)958-5134
912,Barry,Valdez,barry.valdez@example.com,662-319-4012x723
913,Kimberly,Baker,kimberly.baker@example.com,(763)793-1922x98405
914,Martin,Johnson,martin.johnson@example.com,321.675.9382
915,Brian,Hughes,brian.hughes@example.com,(947)079-2263
916,Lisa,Hall,lisa.hall@example.com,388-582-2877x30049
917,Brooke,Campbell,brooke.campbell@example.com,(207)931-8412x981
918,Rebecca,Winters,rebecca.winters@example.com,(675)484-3878
919,Elizabeth,Bentley,elizabeth.bentley@example.com,806.489.7751x59084
920,Ryan,Kim,ryan.kim@example.com,270.880.1693
921,Kelly,Armstrong,kelly.armstrong@example.com,+1-517-884-2872x7693
922,Ann,Johnson,ann.johnson@example.com,(071)705-7497
923,Katie,Patton,katie.patton@example.com,009.079.5376x14769
924,Victoria,Thompson,victoria.thompson@example.com,124-500-0805x702
925,Philip,Washington,philip.washington@example.com,+1-784-115-2856x74917
926,Regina,Owens,regina.owens@example.com,597.091.6808
927,Chad,Warner,chad.warner@example.com,(273)849-5082x60376
928,Stacey,Wilson,stacey.wilson@example.com,+1-727-100-5149x5428
929,Philip,Acosta,philip.acosta@example.com,847.938.7471
930,Joseph,Cooper,joseph.cooper@example.com,001-555-953-2880
931,Peter,Moss,peter.moss@example.com,001-761-437-7081
932,David,Rodriguez,david.rodriguez@example.com,(442)519-1054x9175
933,Antonio,Gamble,antonio.gamble@example.com,902.901.5654
934,Shannon,Hernandez,shannon.hernandez@example.com,+1-382-814-7118x9968
935,Timothy,Nelson,timothy.nelson@example.com,252.036.9870
936,Colleen,Ruiz,colleen.ruiz@example.com,+1-242-021-0474x85132
937,Amy,Pineda,amy.pineda@example.com,001-259-125-3732x517
938,Jill,Marks,jill.marks@example.com,+1-003-310-5791x26618
939,David,Benton,david.benton@example.com,540.701.4863x69738
940,Alexander,Harper,alexander.harper@example.com,(567)704-7642x2769
941,Katie,Rowland,katie.rowland@example.com,(285)233-9439x333
942,Kristine,Deleon,kristine.deleon@example.com,(185)992-5886
943,Sara,Barnett,sara.barnett@example.com,(260)531-3453x81499
944,Justin,Schroeder,justin.schroeder@example.com,423-482-4444x133
945,Jeremy,Cruz,jeremy.cruz@example.com,060-401-9951x655
946,Christian,Stephens,christian.stephens@example.com,910-522-3976
947,Gloria,Scott,gloria.scott@example.com,177.302.4786x337
948,Charles,Hamilton,charles.hamilton@example.com,703-132-5681
949,Kim,Ellis,kim.ellis@example.com,694-792-2695
950,Jessica,Campbell,jessica.campbell@example.com,5102051015
951,Mary,Peters,mary.peters@example.com,(168)853-0109x7354
952,Savannah,Reed,savannah.reed@example.com,(105)250-6617
953,Jennifer,Rice,jennifer.rice@example.com,350-925-2271
954,Richard,Pacheco,richard.pacheco@example.com,+1-743-193-8848x5037
955,Tammy,Robinson,tammy.robinson@example.com,+1-291-381-5681
956,Kara,Floyd,kara.floyd@example.com,544-183-6059x6249
957,Joseph,Nguyen,joseph.nguyen@example.com,+1-089-849-9637
958,Danielle,Lee,danielle.lee@example.com,(229)201-8422
959,Lynn,Johnson,lynn.johnson@example.com,625-686-5738x90701
960,Nicholas,Bryant,nicholas.bryant@example.com,+1-451-879-9311x1278
961,Gary,Williams,gary.williams@example.com,885-035-5743x6997
962,Gregory,Thomas,gregory.thomas@example.com,001-434-595-7830x857
963,Jorge,Johnston,jorge.johnston@example.com,165.197.8592x520
964,Mitchell,Johnson,mitchell.johnson@example.com,520-291-2144
965,Abigail,Sampson,abigail.sampson@example.com,+1-645-096-2883x62322
966,Michael,Wagner,michael.wagner@example.com,781.225.6459x4817
967,Tyler,Fox,tyler.fox@example.com,(332)439-3715
968,Andrew,Palmer,andrew.palmer@example.com,7418831174
969,Andrew,Mitchell,andrew.mitchell@example.com,969-214-8820x973
970,Jared,Barajas,jared.barajas@example.com,001-639-227-2649x60408
971,Carolyn,Vaughn,carolyn.vaughn@example.com,(390)842-6492x568
972,Janice,Carrillo,janice.carrillo@example.com,593-636-3902x4575
973,Tiffany,Rivera,tiffany.rivera@example.com,144-460-8098x1306
974,Kevin,Mcdowell,kevin.mcdowell@example.com,(189)935-6229x00679
975,Alex,Cohen,alex.cohen@example.com,896-680-8389x9460
976,Courtney,Nguyen,courtney.nguyen@example.com,715-225-9228x0902
977,Amanda,Evans,amanda.evans@example.com,+1-146-110-9956x517
978,Jessica,Day,jessica.day@example.com,001-451-757-4968x22086
979,Joshua,Gibbs,joshua.gibbs@example.com,+1-749-498-2348x79846
980,Mary,Williams,mary.williams@example.com,056.652.0182
981,Ashley,Henry,ashley.henry@example.com,481-861-0592x612
982,Michael,Turner,michael.turner@example.com,001-855-023-3370x0103
983,Jessica,Garcia,jessica.garcia@example.com,999.974.1706x967
984,Tammy,Newman,tammy.newman@example.com,(712)067-5156
985,Cristian,Taylor,cristian.taylor@example.com,183-276-9358x85086
986,Gary,Robinson,gary.robinson@example.com,001-302-126-7402x17623
987,Angela,Williams,angela.williams@example.com,(076)230-7462
988,Christopher,Lynch,christopher.lynch@example.com,+1-670-431-5502
989,Amber,Mclaughlin,amber.mclaughlin@example.com,(031)246-2735x69906
990,Katherine,Wallace,katherine.wallace@example.com,001-940-339-6765x770
991,Brenda,Estrada,brenda.estrada@example.com,723.021.6404x15514
992,Crystal,Mcknight,crystal.mcknight@example.com,(008)890-2533x64751
993,Louis,Chase,louis.chase@example.com,+1-013-831-1109x2245
994,Erika,Romero,erika.romero@example.com,515.367.8431x23638
995,Lisa,Cooke,lisa.cooke@example.com,001-374-717-2065
996,Henry,Mitchell,henry.mitchell@example.com,+1-628-111-6112
997,Samantha,Contreras,samantha.contreras@example.com,648.300.2979
998,Stephen,Bowman,stephen.bowman@example.com,+1-331-383-4081x47364
999,Shelly,Williams,shelly.williams@example.com,440.169.4131
1000,Barbara,Blair,barbara.blair@example.com,001-166-813-5504x53806
1001,Heather,Hanna,heather.hanna@example.com,560.564.5233x7669
1002,Lisa,Torres,lisa.torres@example.com,(715)853-5179
1003,Brandi,Bailey,brandi.bailey@example.com,(785)086-7358x213
1004,Henry,Harris,henry.harris@example.com,960.428.3928x06463
1005,Mark,Powell,mark.powell@example.com,762.593.7105x88148
1006,John,Smith,john.smith@example.com,(314)385-4964
1007,Michelle,Woodward,michelle.woodward@example.com,133.029.9821
1008,Tina,Martin,tina.martin@example.com,+1-429-476-0295x02838
1009,Heather,Mccarthy,heather.mccarthy@example.com,441.344.0617
1010,Arthur,Allen,arthur.allen@example.com,(045)230-9185x810
1011,Brittany,Murphy,brittany.murphy@example.com,9963975118
1012,Juan,Ramos,juan.ramos@example.com,035-218-0333x70330
1013,Matthew,Shea,matthew.shea@example.com,699-170-2991x0696
1014,James,Ortega,james.ortega@example.com,+1-934-412-8532x8630
1015,Victoria,Martin,victoria.martin@example.com,442-463-0716
1016,Jessica,Butler,jessica.butler@example.com,(723)640-9830
1017,Nicole,Cox,nicole.cox@example.com,639-839-3064
1018,Taylor,Cervantes,taylor.cervantes@example.com,001-490-701-9573x73116
1019,Danielle,Bowers,danielle.bowers@example.com,001-520-527-8142x48076
1020,Colleen,Richardson,colleen.richardson@example.com,(952)213-0848x68778
1021,Stephanie,Glover,stephanie.glover@example.com,829.686.7194
1022,Samantha,Scott,samantha.scott@example.com,656-117-5950x35219
1023,Steven,Spears,steven.spears@example.com,0249361128
1024,Thomas,Jensen,thomas.jensen@example.com,520-070-9666
1025,Ashley,Shepard,ashley.shepard@example.com,001-785-033-5491x0420
1026,Rebecca,Salazar,rebecca.salazar@example.com,001-476-071-2717x9383
1027,Matthew,Carter,matthew.carter@example.com,060-646-6122x49588
1028,Amanda,Taylor,amanda.taylor@example.com,390.334.3894
1029,Steven,Rose,steven.rose@example.com,+1-022-517-6849x97210
1030,James,Allen,james.allen@example.com,(472)387-8042
1031,Susan,Sweeney,susan.sweeney@example.com,(868)886-0033x550
1032,Christopher,Patel,christopher.patel@example.com,371.312.2681
1033,Nicholas,Gonzalez,nicholas.gonzalez@example.com,748-620-6968x5914
1034,Jorge,Humphrey,jorge.humphrey@example.com,424-281-5804x754
1035,Joel,Dalton,joel.dalton@example.com,001-090-708-5629x6085
1036,Lisa,Garcia,lisa.garcia@example.com,052-518-3897
1037,Joshua,Rubio,joshua.rubio@example.com,4776811575
1038,Albert,Villarreal,albert.villarreal@example.com,001-537-132-1333x5927
1039,Juan,Dunn,juan.dunn@example.com,001-997-999-9263x5265
1040,Jill,Robinson,jill.robinson@example.com,(078)621-0797
1041,Ryan,Carson,ryan.carson@example.com,904-806-0340
1042,Lisa,Rodriguez,lisa.rodriguez@example.com,473-971-3633x40542
1043,Charles,Perry,charles.perry@example.com,519.813.0693
1044,Sheryl,George,sheryl.george@example.com,(267)378-3336
1045,Carol,Moore,carol.moore@example.com,+1-009-079-6957
1046,William,Jones,william.jones@example.com,+1-148-983-0044x726
1047,Chad,Garcia,chad.garcia@example.com,7904113157
1048,Robert,Page,robert.page@example.com,(677)288-5479x35631
1049,Angela,Jimenez,angela.jimenez@example.com,513.528.5916x8393
1050,Kurt,Hudson,kurt.hudson@example.com,001-714-002-6218x222
1051,Christopher,Gonzalez,christopher.gonzalez@example.com,(137)217-9717
1052,Todd,Harris,todd.harris@example.com,8408966822
1053,Robert,Hale,robert.hale@example.com,+1-789-252-8181x779
1054,Zachary,Castro,zachary.castro@example.com,581-451-0956
1055,Curtis,Lopez,curtis.lopez@example.com,(321)792-1424
1056,Loretta,Cooper,loretta.cooper@example.com,962-802-1412x424
1057,Patrick,Walter,patrick.walter@example.com,+1-977-796-4798
1058,Jeremiah,Dunlap,jeremiah.dunlap@example.com,864.673.6953x49390
1059,Kaitlin,Steele,kaitlin.steele@example.com,001-023-572-9958x3354
1060,Anthony,Edwards,anthony.edwards@example.com,+1-154-292-9679
1061,Ryan,Smith,ryan.smith@example.com,390-544-4440x980
1062,Thomas,Palmer,thomas.palmer@example.com,261-324-5085
1063,Carol,Scott,carol.scott@example.com,778.338.0854x979
1064,Michael,Alexander,michael.alexander@example.com,589-152-7367
1065,Tyler,Ramirez,tyler.ramirez@example.com,+1-721-160-5508x1242
1066,Brian,Bean,brian.bean@example.com,033-325-8432x52472
1067,Stephen,Cole,stephen.cole@example.com,(531)118-2241x70553
1068,Michael,Davis,michael.davis@example.com,(255)235-6226x74598
1069,Stephen,Summers,stephen.summers@example.com,101-231-8497x19002
1070,David,Huang,david.huang@example.com,(260)316-6259
1071,Christopher,Yates,christopher.yates@example.com,001-187-543-7973x5247
1072,Paul,Vega,paul.vega@example.com,+1-570-414-9884
1073,Samantha,Kim,samantha.kim@example.com,(368)037-1841x91279
1074,Samantha,Robinson,samantha.robinson@example.com,(595)261-7866
1075,Gregory,Martinez,gregory.martinez@example.com,990.474.8481x9811
1076,Courtney,Ortiz,courtney.ortiz@example.com,503.179.5743x528
1077,Danny,Johnson,danny.johnson@example.com,253-439-8889x602
1078,Rodney,Olsen,rodney.olsen@example.com,901.985.5862x168
1079,Angela,Cooper,angela.cooper@example.com,716-762-6794
1080,Natalie,Strickland,natalie.strickland@example.com,+1-516-193-7303x283
1081,Christopher,Arias,christopher.arias@example.com,395.418.8197x41255
1082,Michaela,Clark,michaela.clark@example.com,646.004.9791
1083,Jesus,Duncan,jesus.duncan@example.com,(315)663-9569
1084,Joan,Baker,joan.baker@example.com,519.131.7019x518
1085,Teresa,Wilson,teresa.wilson@example.com,807.414.6952
1086,John,Rojas,john.rojas@example.com,361.625.5333
1087,Jeff,Rios,jeff.rios@example.com,(024)838-7914x94095
1088,Stephanie,Washington,stephanie.washington@example.com,+1-401-103-5650x19626
1089,Jennifer,Smith,jennifer.smith@example.com,001-776-706-3729x4651
1090,Jill,Hester,jill.hester@example.com,(459)412-4871x882
1091,Jeremiah,Powell,jeremiah.powell@example.com,001-258-113-8548
1092,Stacey,Wells,stacey.wells@example.com,(791)624-5282x9229
1093,Lucas,Moyer,lucas.moyer@example.com,(191)205-7878x1911
1094,Samantha,Blevins,samantha.blevins@example.com,9468528525
1095,Vanessa,Williams,vanessa.williams@example.com,(394)008-2929x20416
1096,Brittany,Spencer,brittany.spencer@example.com,+1-523-252-0341x0748
1097,Darrell,Roberts,darrell.roberts@example.com,001-707-998-2187x0396
1098,Kayla,Foley,kayla.foley@example.com,7648166098
1099,Stephanie,Lopez,stephanie.lopez@example.com,(638)680-0947x54134
1100,Anna,Dickerson,anna.dickerson@example.com,(792)620-2796
1101,Laura,Deleon,laura.deleon@example.com,001-887-416-3260
1102,Ronnie,Fuller,ronnie.fuller@example.com,267-286-7653x3344
1103,Michael,Glass,michael.glass@example.com,780.310.2708x0086
1104,Don,Taylor,don.taylor@example.com,+1-973-907-3632
1105,Lauren,Gomez,lauren.gomez@example.com,001-879-309-3456x051
1106,Janice,Long,janice.long@example.com,7104995056
1107,Robert,Rios,robert.rios@example.com,001-731-784-7842x4022
1108,Robert,Olsen,robert.olsen@example.com,001-953-946-6177x09235
1109,Chase,Ryan,chase.ryan@example.com,834-002-5602
1110,Leslie,Jones,leslie.jones@example.com,(553)014-6474x40359
1111,Amanda,Choi,amanda.choi@example.com,781-504-8035x459
1112,Jesus,Hampton,jesus.hampton@example.com,(953)122-6148
1113,Brian,Perkins,brian.perkins@example.com,+1-023-709-6655x3060
1114,Antonio,Arias,antonio.arias@example.com,+1-877-794-1370x83750
1115,Bryan,Carter,bryan.carter@example.com,452-420-0677x1605
1116,Stephanie,Horton,stephanie.horton@example.com,4505019310
1117,Travis,Santana,travis.santana@example.com,+1-026-780-2525x67797
1118,Cynthia,Wright,cynthia.wright@example.com,120-462-6185x88553
1119,Linda,Wilson,linda.wilson@example.com,001-824-860-7041
1120,William,Mccall,william.mccall@example.com,722.139.5105x03672
1121,Andrea,Green,andrea.green@example.com,893.460.3099x3556
1122,John,Howard,john.howard@example.com,(607)874-7977
1123,Joseph,Wilson,joseph.wilson@example.com,+1-129-571-1666x6826
1124,Stephen,Anderson,stephen.anderson@example.com,261-681-1345x8115
1125,Jonathan,Harris,jonathan.harris@example.com,+1-089-071-0818
1126,Heidi,Rogers,heidi.rogers@example.com,001-248-610-2092x3046
1127,Taylor,Ward,taylor.ward@example.com,+1-929-287-5317x255
1128,Nancy,Johnson,nancy.johnson@example.com,(910)956-3405
1129,Amy,Kline,amy.kline@example.com,001-265-574-7005x1033
1130,Shawn,Hanson,shawn.hanson@example.com,2812804993
1131,Jessica,Chang,jessica.chang@example.com,(292)772-1275
1132,Anthony,Holloway,anthony.holloway@example.com,+1-679-826-3166x6070
1133,Kyle,Frye,kyle.frye@example.com,001-999-456-0990x98147
1134,Carla,Ellison,carla.ellison@example.com,+1-214-910-1817x85651
1135,William,Avila,william.avila@example.com,+1-764-304-7069
1136,Kara,Watts,kara.watts@example.com,(182)136-0020
1137,Jennifer,Blackwell,jennifer.blackwell@example.com,096-642-0005x2967
1138,Joseph,Mendez,joseph.mendez@example.com,001-522-026-4499x8377
1139,Donald,Sims,donald.sims@example.com,678-014-2899
1140,Cynthia,Singleton,cynthia.singleton@example.com,936.332.8573x649
1141,Nathaniel,Figueroa,nathaniel.figueroa@example.com,+1-746-929-7438x5309
1142,Anthony,Lee,anthony.lee@example.com,+1-355-405-5893x339
1143,Jason,Holmes,jason.holmes@example.com,+1-851-543-7012x654
1144,Karen,Beck,karen.beck@example.com,442.632.0168x846
1145,Melissa,Gross,melissa.gross@example.com,644.127.9677x995
1146,Joshua,Jones,joshua.jones@example.com,+1-504-256-4265x74490
1147,Dalton,Richards,dalton.richards@example.com,001-697-841-7395
1148,Angela,Gutierrez,angela.gutierrez@example.com,463-505-6202
1149,Patricia,Young,patricia.young@example.com,001-746-462-2023x2341
1150,Peter,Baker,peter.baker@example.com,+1-209-487-4007x5202
1151,Kevin,Ochoa,kevin.ochoa@example.com,(220)827-5791x330
1152,Jessica,Holland,jessica.holland@example.com,(224)672-2857x411
1153,Ashley,Smith,ashley.smith@example.com,+1-341-068-7567
1154,Erica,Bentley,erica.bentley@example.com,001-094-512-8265
1155,Paul,Flowers,paul.flowers@example.com,001-152-118-2098
1156,Robert,Hughes,robert.hughes@example.com,721.438.3474x38355
1157,Steven,Shelton,steven.shelton@example.com,001-853-612-2791x31415
1158,Michael,Adams,michael.adams@example.com,001-351-051-3115
1159,Tyler,Gallagher,tyler.gallagher@example.com,001-810-859-3689
1160,Michael,Phillips,michael.phillips@example.com,+1-645-303-7450x42805
1161,Shannon,Griffin,shannon.griffin@example.com,+1-598-150-4799x653
1162,Natalie,Johnson,natalie.johnson@example.com,958-936-0060
1163,Shawn,Thomas,shawn.thomas@example.com,+1-380-262-6404x8915
1164,Sheila,Leach,sheila.leach@example.com,+1-973-737-4029x124
1165,Jonathan,Martin,jonathan.martin@example.com,001-697-291-5872x8864
1166,Yvette,Holloway,yvette.holloway@example.com,(258)329-2294x3065
1167,Carol,Rhodes,carol.rhodes@example.com,1310784840
1168,Lori,Thompson,lori.thompson@example.com,001-055-923-7006x4158
1169,Robin,Flores,robin.flores@example.com,001-202-757-4799x203
1170,Chelsea,Ramsey,chelsea.ramsey@example.com,(818)942-0511x834
1171,Lisa,Martin,lisa.martin@example.com,171-971-3344
1172,Theresa,Mosley,theresa.mosley@example.com,+1-624-432-5058x20284
1173,Devin,Graves,devin.graves@example.com,001-931-901-5852x423
1174,Timothy,Walker,timothy.walker@example.com,144.238.0716
1175,Don,Fletcher,don.fletcher@example.com,058-936-9771x1280
1176,Gregory,Riley,gregory.riley@example.com,616.405.0068
1177,Joseph,Wells,joseph.wells@example.com,001-495-686-6138x2504
1178,Timothy,Peters,timothy.peters@example.com,001-567-451-9369x403
1179,Amy,Torres,amy.torres@example.com,585.329.8537x194
1180,Arthur,Parks,arthur.parks@example.com,236.459.8472x1298
1181,Derek,Barron,derek.barron@example.com,1195621957
1182,Carolyn,Hawkins,carolyn.hawkins@example.com,001-929-366-4276
1183,Jimmy,Love,jimmy.love@example.com,378.247.5053x740
1184,Jennifer,Davis,jennifer.davis@example.com,001-383-656-3343x707
1185,Samantha,Smith,samantha.smith@example.com,3430690239
1186,Paula,Mcpherson,paula.mcpherson@example.com,4074766379
1187,David,Smith,david.smith@example.com,001-122-607-7294x1671
1188,Christina,Simmons,christina.simmons@example.com,001-588-173-3868x62337
1189,Jeremy,Norris,jeremy.norris@example.com,181-089-7766x1299
1190,Kelsey,Massey,kelsey.massey@example.com,854.659.3104x09607
1191,Lynn,Dickerson,lynn.dickerson@example.com,976-622-7056
1192,David,Neal,david.neal@example.com,001-917-738-8872x5170
1193,Jeffrey,Dunn,jeffrey.dunn@example.com,001-231-335-5083x1696
1194,Kelly,Hall,kelly.hall@example.com,(846)245-4956x026
1195,James,Koch,james.koch@example.com,8674270732
1196,Timothy,Pierce,timothy.pierce@example.com,6556493300
1197,Mark,Chapman,mark.chapman@example.com,001-678-627-9885x8800
1198,Katherine,Hicks,katherine.hicks@example.com,659.035.4088x32275
1199,Rebecca,Hall,rebecca.hall@example.com,099-811-2315x555
1200,Mary,Aguilar,mary.aguilar@example.com,(638)660-8286x1317
1201,Rebecca,Moyer,rebecca.moyer@example.com,947.789.5579x1042
1202,Debra,Fisher,debra.fisher@example.com,+1-825-918-7369x83845
1203,Fernando,Moore,fernando.moore@example.com,613.842.8347x7337
1204,Steven,Williams,steven.williams@example.com,+1-651-283-1640x8772
1205,Annette,Lee,annette.lee@example.com,2389010196
1206,Edward,Sanchez,edward.sanchez@example.com,001-969-372-7506
1207,Ashley,Stevens,ashley.stevens@example.com,856-047-0322x43872
1208,Susan,Johnson,susan.johnson@example.com,2029692827
1209,James,Gonzalez,james.gonzalez@example.com,677.018.1355
1210,Jennifer,Powers,jennifer.powers@example.com,246.577.9863x27352
1211,Kimberly,Johnson,kimberly.johnson@example.com,+1-857-714-4921
1212,Ernest,Smith,ernest.smith@example.com,524.405.5675
1213,Steven,Scott,steven.scott@example.com,+1-276-517-4262
1214,Jennifer,Collier,jennifer.collier@example.com,+1-382-968-7008x126
1215,Adam,Pham,adam.pham@example.com,811-164-1628
1216,Kyle,Young,kyle.young@example.com,723.361.1466
1217,Jeanette,Glenn,jeanette.glenn@example.com,+1-380-801-8473x16744
1218,James,Peck,james.peck@example.com,3337854018
1219,Abigail,Rojas,abigail.rojas@example.com,4693593431
1220,Gail,Miller,gail.miller@example.com,760-374-3577x02779
1221,Shari,Rice,shari.rice@example.com,610-502-3361x3282
1222,Daniel,Salazar,daniel.salazar@example.com,001-323-196-4395x46142
1223,John,Graham,john.graham@example.com,804-031-2905x44258
1224,Mercedes,Miller,mercedes.miller@example.com,962.075.9928
1225,Jason,Wilson,jason.wilson@example.com,(512)283-2665x83676
1226,James,Russo,james.russo@example.com,793-823-4439
1227,Jessica,Lowe,jessica.lowe@example.com,075-943-0452
1228,Randy,Jones,randy.jones@example.com,312.191.4057
1229,Wendy,Martin,wendy.martin@example.com,+1-693-510-7217
1230,Katherine,Johnson,katherine.johnson@example.com,(099)397-0795x923
1231,Sharon,Nichols,sharon.nichols@example.com,+1-999-357-0758x9494
1232,Stephen,Hawkins,stephen.hawkins@example.com,862.447.8447
1233,Jason,Rogers,jason.rogers@example.com,(384)609-9693
1234,Daniel,Moore,daniel.moore@example.com,001-703-388-0212x552
1235,Janice,Campos,janice.campos@example.com,(212)775-0432x2073
1236,Todd,Calderon,todd.calderon@example.com,716.841.4252
1237,Sean,Torres,sean.torres@example.com,+1-692-772-2776
1238,Jason,Johnson,jason.johnson@example.com,333-067-6784x912
1239,Harold,Johnson,harold.johnson@example.com,(489)090-4802x174
1240,Wesley,Fleming,wesley.fleming@example.com,287.152.1349x04855
1241,David,Watson,david.watson@example.com,(782)680-6254x5703
1242,Roy,Nolan,roy.nolan@example.com,529.686.3655x08084
1243,Brian,Martin,brian.martin@example.com,216-970-3071
1244,John,Davis,john.davis@example.com,1134918512
1245,Juan,Flores,juan.flores@example.com,549-632-8649
1246,Jennifer,Meyer,jennifer.meyer@example.com,082.739.9009x7907
1247,Lisa,Hill,lisa.hill@example.com,(213)171-1689x93522
1248,Alison,Reed,alison.reed@example.com,203.597.7299x426
1249,Austin,Long,austin.long@example.com,653-661-0805x64876
1250,Christine,Alexander,christine.alexander@example.com,(330)581-7574x3085
1251,Jonathan,Lopez,jonathan.lopez@example.com,001-062-637-7974x2691
1252,Ronnie,Maxwell,ronnie.maxwell@example.com,(632)338-7615x325
1253,Christine,Fischer,christine.fischer@example.com,(845)791-7611
1254,Valerie,Vincent,valerie.vincent@example.com,(198)942-6976
1255,Jamie,Knight,jamie.knight@example.com,550-148-9599x1778
1256,Carly,Cooley,carly.cooley@example.com,103-197-5110x274
1257,James,Conner,james.conner@example.com,182-126-6911x977
1258,Dustin,Cervantes,dustin.cervantes@example.com,(662)886-3172x13381
1259,Anthony,Matthews,anthony.matthews@example.com,696.112.2363x6717
1260,Emily,Thomas,emily.thomas@example.com,563-262-9362x3461
1261,Pamela,Taylor,pamela.taylor@example.com,001-524-479-5192x15609
1262,Patricia,Lopez,patricia.lopez@example.com,001-005-301-0039
1263,Michael,Parker,michael.parker@example.com,(204)377-6166x05059
1264,Justin,Mcguire,justin.mcguire@example.com,3144901593
1265,Matthew,Nelson,matthew.nelson@example.com,190-157-8376x088
1266,Christina,King,christina.king@example.com,(916)762-9739
1267,Erik,Stephens,erik.stephens@example.com,001-659-009-0218x6394
1268,Bruce,Johns,bruce.johns@example.com,(427)762-3425
1269,Natalie,Cook,natalie.cook@example.com,833-640-0008x392
1270,Karen,Schneider,karen.schneider@example.com,+1-844-694-8335x4336
1271,Brooke,Thomas,brooke.thomas@example.com,001-517-894-0869
1272,Brian,Reed,brian.reed@example.com,001-731-437-7888x62279
1273,Anthony,Sullivan,anthony.sullivan@example.com,813.947.4982x02076
1274,Jesse,Knox,jesse.knox@example.com,+1-052-732-9464x863
1275,Gary,Murphy,gary.murphy@example.com,687.263.3570
1276,Edgar,Thomas,edgar.thomas@example.com,(937)352-8843
1277,Christopher,Pearson,christopher.pearson@example.com,880.491.7906
1278,Timothy,Smith,timothy.smith@example.com,(760)807-8955x9627
1279,Melinda,Johnson,melinda.johnson@example.com,+1-282-705-8380x21236
1280,Martin,Collier,martin.collier@example.com,(309)641-1009
1281,Drew,Johns,drew.johns@example.com,(173)495-0488x5105
1282,Kristie,Pitts,kristie.pitts@example.com,(732)368-7691
1283,Lydia,Hunter,lydia.hunter@example.com,(322)181-8838x91438
1284,Roberto,Marshall,roberto.marshall@example.com,(772)554-6160
1285,Nancy,Cline,nancy.cline@example.com,+1-713-508-7090x7307
1286,Wayne,Harris,wayne.harris@example.com,(375)935-1561x815
1287,Jessica,Lewis,jessica.lewis@example.com,+1-866-296-4604x8049
1288,Amanda,Sweeney,amanda.sweeney@example.com,+1-023-107-1934x361
1289,Nicolas,Chapman,nicolas.chapman@example.com,+1-573-890-7269x1599
1290,Jose,Strickland,jose.strickland@example.com,273.785.6530x2877
1291,John,Sanchez,john.sanchez@example.com,(232)524-7725x02731
1292,Christopher,Russell,christopher.russell@example.com,897.949.7344x5351
1293,Lisa,Santana,lisa.santana@example.com,(551)093-1770
1294,Willie,Keith,willie.keith@example.com,(891)107-3718
1295,Jason,Anderson,jason.anderson@example.com,341.941.4039
1296,Lisa,Tyler,lisa.tyler@example.com,+1-146-297-8131
1297,Lauren,Stewart,lauren.stewart@example.com,001-142-673-5920x072
1298,Douglas,Jones,douglas.jones@example.com,814.654.6608x52152
1299,Robin,Huffman,robin.huffman@example.com,+1-942-279-1367
1300,Teresa,Benson,teresa.benson@example.com,(175)909-2353x5996
1301,Alicia,Rodgers,alicia.rodgers@example.com,(067)747-8318x580
1302,Andre,Jackson,andre.jackson@example.com,(100)008-8695x763
1303,Shelby,Lewis,shelby.lewis@example.com,164.777.7030
1304,Andrea,Garcia,andrea.garcia@example.com,001-882-373-3569x4419
1305,Clarence,Moore,clarence.moore@example.com,001-368-474-0558x984
1306,Lauren,Ryan,lauren.ryan@example.com,996-023-5263
1307,David,Garcia,david.garcia@example.com,+1-677-239-8682x659
1308,Glenn,Horton,glenn.horton@example.com,634.397.7510x9734
1309,Raymond,Baker,raymond.baker@example.com,(318)133-1878
1310,Bryan,Dean,bryan.dean@example.com,762-651-3205x4291
1311,Jennifer,Woodward,jennifer.woodward@example.com,941.364.9815x31027
1312,Katherine,Coffey,katherine.coffey@example.com,(771)395-3982x49193
1313,Katherine,Howell,katherine.howell@example.com,424-678-2418
1314,Mark,West,mark.west@example.com,760-128-6528
1315,Mariah,Stone,mariah.stone@example.com,036.539.7982x9434
1316,Brittany,Johnston,brittany.johnston@example.com,(459)388-4901x27474
1317,Nathan,Hudson,nathan.hudson@example.com,(455)938-1961
1318,Leah,Logan,leah.logan@example.com,963-998-2587
1319,Amber,Moreno,amber.moreno@example.com,393-944-4125
1320,Andre,Brooks,andre.brooks@example.com,(304)858-0399
1321,Steven,Weber,steven.weber@example.com,309.608.7269x2753
1322,David,Raymond,david.raymond@example.com,001-792-691-3556x363
1323,Stephanie,Bridges,stephanie.bridges@example.com,+1-635-011-4927x8685
1324,Ryan,Rogers,ryan.rogers@example.com,249-341-5550x83866
1325,Amanda,Davis,amanda.davis@example.com,136-000-2456
1326,Jason,Browning,jason.browning@example.com,(443)848-7251x574
1327,Juan,Fletcher,juan.fletcher@example.com,001-766-762-7896x9092
1328,Benjamin,Wells,benjamin.wells@example.com,+1-056-657-4423x76558
1329,Anna,Gonzalez,anna.gonzalez@example.com,001-147-970-5647
1330,Andres,Mclaughlin,andres.mclaughlin@example.com,+1-612-969-8653
1331,Natalie,Sanchez,natalie.sanchez@example.com,764.592.0803
1332,Susan,Berry,susan.berry@example.com,078.105.3379x8603
1333,Joseph,Miller,joseph.miller@example.com,659-360-0058x318
1334,William,Knox,william.knox@example.com,001-013-153-9782x43444
1335,Mary,Taylor,mary.taylor@example.com,3207944092
1336,Erin,Sexton,erin.sexton@example.com,001-046-919-3605x30600
1337,Leslie,Parker,leslie.parker@example.com,(800)744-6234
1338,Randy,Maldonado,randy.maldonado@example.com,447.192.8257
1339,Christopher,Park,christopher.park@example.com,+1-485-298-7253x116
1340,Debra,Sanchez,debra.sanchez@example.com,555-208-3402
1341,Jessica,Acosta,jessica.acosta@example.com,001-643-142-3563x101
1342,Denise,Wolf,denise.wolf@example.com,444-509-0504x22858
1343,Linda,Griffin,linda.griffin@example.com,(675)094-5020
1344,Cindy,Ochoa,cindy.ochoa@example.com,502-570-7002x389
1345,Mary,Barnes,mary.barnes@example.com,+1-591-234-0178
1346,Eddie,Medina,eddie.medina@example.com,001-756-362-0363x5700
1347,Jessica,Hawkins,jessica.hawkins@example.com,+1-238-845-1242x78594
1348,Shelley,Clark,shelley.clark@example.com,+1-111-855-6710x2340
1349,Elizabeth,Neal,elizabeth.neal@example.com,(731)837-8162x96116
1350,Kyle,Wilcox,kyle.wilcox@example.com,679.348.2204x6220
1351,Rebecca,Bernard,rebecca.bernard@example.com,814.413.8926
1352,Cameron,Mack,cameron.mack@example.com,(378)538-4969x62783
1353,John,May,john.may@example.com,278-755-9241x356
1354,Kathleen,Williams,kathleen.williams@example.com,949.379.4081
1355,Austin,Salazar,austin.salazar@example.com,388-707-4080x983
1356,Mark,Turner,mark.turner@example.com,+1-670-368-4821
1357,Sean,Rios,sean.rios@example.com,001-177-761-2747x37336
1358,Adam,Terry,adam.terry@example.com,943.805.7064x6087
1359,Renee,Rodriguez,renee.rodriguez@example.com,456-511-3827x4551
1360,Brenda,Nelson,brenda.nelson@example.com,(877)113-7258x21896
1361,Donald,Turner,donald.turner@example.com,001-606-183-6429
1362,Casey,Ortega,casey.ortega@example.com,502-298-2719x45127
1363,Andrea,Lopez,andrea.lopez@example.com,473.327.8379x8936
1364,Richard,Little,richard.little@example.com,2503478133
1365,Marie,Owens,marie.owens@example.com,702-489-9102x55808
1366,Jeffrey,Mann,jeffrey.mann@example.com,814.346.4124x296
1367,Grant,Acevedo,grant.acevedo@example.com,8971252986
1368,James,Thomas,james.thomas@example.com,+1-901-597-9086x4852
1369,Paul,Grant,paul.grant@example.com,231-876-1238
1370,Cheryl,Gonzalez,cheryl.gonzalez@example.com,+1-692-496-5404x351
1371,James,Brandt,james.brandt@example.com,001-137-502-2866x6300
1372,Brendan,Hanson,brendan.hanson@example.com,(068)452-0640
1373,Stanley,Estrada,stanley.estrada@example.com,(605)238-7940x07945
1374,Cynthia,Williams,cynthia.williams@example.com,1438575173
1375,Douglas,Cook,douglas.cook@example.com,001-833-902-0200x4213
1376,Ashley,Bowers,ashley.bowers@example.com,(751)124-4151x80158
1377,Gerald,Moss,gerald.moss@example.com,001-693-442-5988x18965
1378,Terri,Dunn,terri.dunn@example.com,+1-559-092-8909
1379,Yesenia,Fisher,yesenia.fisher@example.com,+1-366-056-4005x2300
1380,Allison,Dean,allison.dean@example.com,(725)037-4799
1381,Bethany,Garcia,bethany.garcia@example.com,001-088-720-5969
1382,Jennifer,Williams,jennifer.williams@example.com,+1-299-676-1318
1383,Robin,Ortega,robin.ortega@example.com,001-818-625-0552x8549
1384,James,Williams,james.williams@example.com,(345)001-1092x9693
1385,John,Rogers,john.rogers@example.com,+1-238-976-6086x41824
1386,Kathryn,Murphy,kathryn.murphy@example.com,+1-641-580-3447x0016
1387,Steven,Parrish,steven.parrish@example.com,483.378.7576x341
1388,David,Henderson,david.henderson@example.com,001-741-490-5672
1389,Ryan,Thomas,ryan.thomas@example.com,(506)414-7298
1390,Brooke,Mccarthy,brooke.mccarthy@example.com,(535)069-1373
